canonical_keyword,cluster_key,cluster_label,topical_silo,primary_entity,entity_type,parent_entity,intent,intent_detail,geo_modifier,keyword_count,total_volume,current_ranking_coverage_pct,average_current_position,recommended_page_type,recommended_action,suggested_url
mcdonald's menu,menu-hub__overview_menu,McDonald's Menu - overview menu,Brand Core,McDonald's Menu,menu_hub,,overview,overview_menu,,438,581900,0.0,,hub,Optimize the existing guide page and strengthen entity coverage.,https://mcdomenuusa.com/menu/
mcdonald's breakfast menu,breakfast-menu__overview_menu,Breakfast Menu - overview menu,Breakfast,Breakfast Menu,menu_guide,,overview,overview_menu,,258,276190,0.0,,guide,Optimize the existing guide page and strengthen entity coverage.,https://mcdomenuusa.com/breakfast-menu/
mcdvoice,mcdvoice__service_survey,McDVoice Survey - service survey,Customer Journey,McDVoice Survey,service_page,,service_task,service_survey,,115,128040,0.0,,service,Create a new support page and interlink it from the main menu hub.,https://mcdomenuusa.com/mcdvoice/
mcdonald's menu with prices 2025,menu-hub__price_value,McDonald's Menu - price value,Brand Core,McDonald's Menu,menu_hub,,commercial,price_value,,540,73570,0.0,,hub,Optimize the existing guide page and strengthen entity coverage.,https://mcdomenuusa.com/menu/
mcdonald's big mac,burgers-big-mac__overview_general,Big Mac - overview general,Burgers,Big Mac,product_variant,Burgers Menu,overview,overview_general,,50,62660,0.0,,item,Optimize the existing item page and strengthen price/nutrition sections.,https://mcdomenuusa.com/menu/burgers-menu/big-mac/
mcchicken,chicken-mcchicken__overview_general,McChicken - overview general,Chicken & Fish,McChicken,product_variant,Chicken & Fish Menu,overview,overview_general,,67,47860,0.0,,item,Optimize the existing item page and strengthen price/nutrition sections.,https://mcdomenuusa.com/menu/chicken-fish/mcchicken/
mcdonald's chicken mcnuggets,mcvalue-chicken-mcnuggets__overview_general,Chicken McNuggets - overview general,Value & Deals,Chicken McNuggets,product_family,McValue Menu,overview,overview_general,,87,41870,0.0,,family_section,Expand the parent category guide with a dedicated family section or create a focused family guide.,https://mcdomenuusa.com/mcdonalds-deals-mcvalue-guide/
how much is a big mac,burgers-big-mac__price_value,Big Mac - price value,Burgers,Big Mac,product_variant,Burgers Menu,commercial,price_value,,144,36180,0.0,,item,Optimize the existing item page and strengthen price/nutrition sections.,https://mcdomenuusa.com/menu/burgers-menu/big-mac/
quarter pounder,burgers-quarter-pounder-with-cheese__overview_general,Quarter Pounder with Cheese - overview general,Burgers,Quarter Pounder with Cheese,product_variant,Burgers Menu,overview,overview_general,,46,31640,0.0,,item,Optimize the existing item page and strengthen price/nutrition sections.,https://mcdomenuusa.com/menu/burgers-menu/quarter-pounder-with-cheese/
mcdonalds $5 meal deal,extra-value-meals__price_value,Extra Value Meals - price value,Value & Deals,Extra Value Meals,menu_guide,,commercial,price_value,,11,30950,0.0,,guide,Optimize the existing guide page and strengthen entity coverage.,https://mcdomenuusa.com/extra-value-meals/
mcdonald's food,menu-hub__overview_general,McDonald's Menu - overview general,Brand Core,McDonald's Menu,menu_hub,,overview,overview_general,,514,30850,0.0,,hub,Optimize the existing guide page and strengthen entity coverage.,https://mcdomenuusa.com/menu/
mcchicken calories,chicken-mcchicken__nutrition_macros,McChicken - nutrition macros,Chicken & Fish,McChicken,product_variant,Chicken & Fish Menu,nutrition,nutrition_macros,,99,29520,0.0,,item,Optimize the existing item page and strengthen price/nutrition sections.,https://mcdomenuusa.com/menu/chicken-fish/mcchicken/
mcdonald's hash brown calories,bfast-hash-browns__nutrition_macros,Hash Browns - nutrition macros,Breakfast,Hash Browns,product_variant,Breakfast Menu,nutrition,nutrition_macros,,145,25140,0.0,,item,Optimize the existing item page and strengthen price/nutrition sections.,https://mcdomenuusa.com/menu/breakfast-menu/hash-browns/
mcdouble,burgers-mcdouble__overview_general,McDouble - overview general,Burgers,McDouble,product_variant,Burgers Menu,overview,overview_general,,30,23490,0.0,,item,Optimize the existing item page and strengthen price/nutrition sections.,https://mcdomenuusa.com/menu/burgers-menu/mcdouble/
mccrispy,chicken-mccrispy__overview_general,McCrispy - overview general,Chicken & Fish,McCrispy,product_variant,Chicken & Fish Menu,overview,overview_general,,24,21710,0.0,,item,Optimize the existing item page and strengthen price/nutrition sections.,https://mcdomenuusa.com/menu/chicken-fish/mccrispy/
how much is a mcchicken,chicken-mcchicken__price_value,McChicken - price value,Chicken & Fish,McChicken,product_variant,Chicken & Fish Menu,commercial,price_value,,106,21600,0.0,,item,Optimize the existing item page and strengthen price/nutrition sections.,https://mcdomenuusa.com/menu/chicken-fish/mcchicken/
double cheeseburger,burgers-double-cheeseburger__overview_general,Double Cheeseburger - overview general,Burgers,Double Cheeseburger,product_variant,Burgers Menu,overview,overview_general,,20,18410,0.0,,item,Optimize the existing item page and strengthen price/nutrition sections.,https://mcdomenuusa.com/menu/burgers-menu/double-cheeseburger/
mcdonald's breakfast menu with prices,breakfast-menu__price_value,Breakfast Menu - price value,Breakfast,Breakfast Menu,menu_guide,,commercial,price_value,,136,18330,0.0,,guide,Optimize the existing guide page and strengthen entity coverage.,https://mcdomenuusa.com/breakfast-menu/
double quarter pounder with cheese,burgers-double-quarter-pounder-with-cheese__overview_general,Double Quarter Pounder with Cheese - overview general,Burgers,Double Quarter Pounder with Cheese,product_variant,Burgers Menu,overview,overview_general,,13,17650,0.0,,item,Optimize the existing item page and strengthen price/nutrition sections.,https://mcdomenuusa.com/menu/burgers-menu/double-quarter-pounder-with-cheese/
filet-o-fish,chicken-filet-o-fish__overview_general,Filet-O-Fish - overview general,Chicken & Fish,Filet-O-Fish,product_variant,Chicken & Fish Menu,overview,overview_general,,42,17570,0.0,,item,Optimize the existing item page and strengthen price/nutrition sections.,https://mcdomenuusa.com/menu/chicken-fish/filet-o-fish/
mcdonald big mac meal,evm-big-mac-meal__overview_menu,Big Mac Meal - overview menu,Value & Deals,Big Mac Meal,product_variant,Extra Value Meals,overview,overview_menu,,8,17320,0.0,,item,Optimize the existing item page and strengthen price/nutrition sections.,https://mcdomenuusa.com/menu/extra-value-meals/big-mac-meal/
oreo mcflurry,sweets-oreo-mcflurry__overview_general,OREO McFlurry - overview general,Sweets & Treats,OREO McFlurry,product_variant,Sweets & Treats,overview,overview_general,,69,16980,0.0,,item,Optimize the existing item page and strengthen price/nutrition sections.,https://mcdomenuusa.com/menu/sweets-treats/oreo-mcflurry/
mcdonald's double cheeseburger calories,burgers-double-cheeseburger__nutrition_macros,Double Cheeseburger - nutrition macros,Burgers,Double Cheeseburger,product_variant,Burgers Menu,nutrition,nutrition_macros,,46,16960,0.0,,item,Optimize the existing item page and strengthen price/nutrition sections.,https://mcdomenuusa.com/menu/burgers-menu/double-cheeseburger/
mcdonald's chicken nuggets calories,mcvalue-chicken-mcnuggets__nutrition_macros,Chicken McNuggets - nutrition macros,Value & Deals,Chicken McNuggets,product_family,McValue Menu,nutrition,nutrition_macros,,91,16100,0.0,,family_section,Expand the parent category guide with a dedicated family section or create a focused family guide.,https://mcdomenuusa.com/mcdonalds-deals-mcvalue-guide/
mcdouble calories,burgers-mcdouble__nutrition_macros,McDouble - nutrition macros,Burgers,McDouble,product_variant,Burgers Menu,nutrition,nutrition_macros,,32,16070,0.0,,item,Optimize the existing item page and strengthen price/nutrition sections.,https://mcdomenuusa.com/menu/burgers-menu/mcdouble/
quarter pounder calories,burgers-quarter-pounder-with-cheese__nutrition_macros,Quarter Pounder with Cheese - nutrition macros,Burgers,Quarter Pounder with Cheese,product_variant,Burgers Menu,nutrition,nutrition_macros,,58,14450,0.0,,item,Optimize the existing item page and strengthen price/nutrition sections.,https://mcdomenuusa.com/menu/burgers-menu/quarter-pounder-with-cheese/
sausage egg mcmuffin calories,bfast-egg-mcmuffin__nutrition_macros,Egg McMuffin - nutrition macros,Breakfast,Egg McMuffin,product_variant,Breakfast Menu,nutrition,nutrition_macros,,63,14360,0.0,,item,Optimize the existing item page and strengthen price/nutrition sections.,https://mcdomenuusa.com/menu/breakfast-menu/egg-mcmuffin/
mcdonalds sprite,bev-soft-drink-small__overview_general,Soft Drink Small - overview general,Beverages,Soft Drink Small,product_variant,Soft Drink,overview,overview_general,,115,14340,0.0,,item,Optimize the existing item page and strengthen price/nutrition sections.,https://mcdomenuusa.com/menu/beverages-drinks/soft-drink-small/
mcdonald's hash brown,bfast-hash-browns__overview_general,Hash Browns - overview general,Breakfast,Hash Browns,product_variant,Breakfast Menu,overview,overview_general,,32,13220,0.0,,item,Optimize the existing item page and strengthen price/nutrition sections.,https://mcdomenuusa.com/menu/breakfast-menu/hash-browns/
big mac meal price,evm-big-mac-meal__price_value,Big Mac Meal - price value,Value & Deals,Big Mac Meal,product_variant,Extra Value Meals,commercial,price_value,,33,12770,0.0,,item,Optimize the existing item page and strengthen price/nutrition sections.,https://mcdomenuusa.com/menu/extra-value-meals/big-mac-meal/
how much is a mcflurry,sweets-oreo-mcflurry__price_value,OREO McFlurry - price value,Sweets & Treats,OREO McFlurry,product_variant,Sweets & Treats,commercial,price_value,,89,12770,0.0,,item,Optimize the existing item page and strengthen price/nutrition sections.,https://mcdomenuusa.com/menu/sweets-treats/oreo-mcflurry/
mcflurry calories,sweets-oreo-mcflurry__nutrition_macros,OREO McFlurry - nutrition macros,Sweets & Treats,OREO McFlurry,product_variant,Sweets & Treats,nutrition,nutrition_macros,,76,11960,0.0,,item,Optimize the existing item page and strengthen price/nutrition sections.,https://mcdomenuusa.com/menu/sweets-treats/oreo-mcflurry/
mcdouble vs double cheeseburger,comparison__double-cheeseburger-vs-mcdouble,Double Cheeseburger vs McDouble,Burgers,Double Cheeseburger vs McDouble,comparison,Burgers Menu,comparison,comparison,,12,11920,0.0,,comparison,Create a comparison page or dedicated comparison section.,
mcdonalds sauces,sauces-condiments__overview_general,Sauces & Condiments - overview general,Sauces & Condiments,Sauces & Condiments,menu_guide,,overview,overview_general,,19,11880,0.0,,guide,Optimize the existing guide page and strengthen entity coverage.,https://mcdomenuusa.com/sauces-condiments/
mcdonald's big breakfast,bfast-big-breakfast__overview_menu,Big Breakfast - overview menu,Breakfast,Big Breakfast,product_variant,Breakfast Menu,overview,overview_menu,,40,11410,0.0,,item,Optimize the existing item page and strengthen price/nutrition sections.,https://mcdomenuusa.com/menu/breakfast-menu/big-breakfast/
how much is a happy meal at mcdonald's,happy-meal__price_value,Happy Meal - price value,Happy Meal,Happy Meal,menu_guide,,commercial,price_value,,94,10870,0.0,,guide,Optimize the existing guide page and strengthen entity coverage.,https://mcdomenuusa.com/happy-meal-menu/
sausage mcmuffin calories,bfast-sausage-mcmuffin__nutrition_macros,Sausage McMuffin - nutrition macros,Breakfast,Sausage McMuffin,product_variant,Breakfast Menu,nutrition,nutrition_macros,,60,10660,0.0,,item,Optimize the existing item page and strengthen price/nutrition sections.,https://mcdomenuusa.com/menu/breakfast-menu/sausage-mcmuffin/
sausage egg mcmuffin,bfast-egg-mcmuffin__overview_general,Egg McMuffin - overview general,Breakfast,Egg McMuffin,product_variant,Breakfast Menu,overview,overview_general,,26,10610,0.0,,item,Optimize the existing item page and strengthen price/nutrition sections.,https://mcdomenuusa.com/menu/breakfast-menu/egg-mcmuffin/
mcdonalds frappe,coffee-frappe__overview_general,Frappe - overview general,McCafe Coffees,Frappe,product_family,McCafe Coffees,overview,overview_general,,67,10220,0.0,,family_section,Expand the parent category guide with a dedicated family section or create a focused family guide.,https://mcdomenuusa.com/mccafe-menu/
mcdonald's value meals,extra-value-meals__overview_general,Extra Value Meals - overview general,Value & Deals,Extra Value Meals,menu_guide,,overview,overview_general,,4,10120,0.0,,guide,Optimize the existing guide page and strengthen entity coverage.,https://mcdomenuusa.com/extra-value-meals/
mcdonald french fries,sides-world-famous-fries-small__overview_general,World Famous Fries Small - overview general,Fries & Sides,World Famous Fries Small,product_variant,World Famous Fries,overview,overview_general,,22,10090,0.0,,item,Optimize the existing item page and strengthen price/nutrition sections.,https://mcdomenuusa.com/menu/fries-sides/world-famous-fries-small/
mcdonald's fries,fries-sides__overview_general,Fries & Sides - overview general,Fries & Sides,Fries & Sides,menu_guide,,overview,overview_general,,5,9510,0.0,,guide,Optimize the existing guide page and strengthen entity coverage.,https://mcdomenuusa.com/fries-sides/
dinner box mcdonalds,shareables-bundles__overview_general,Shareables & Bundles - overview general,Value & Deals,Shareables & Bundles,support_page,,overview,overview_general,,48,9510,0.0,,support,Optimize the existing guide page and strengthen entity coverage.,https://mcdomenuusa.com/shareables-bundles/
mcdonalds cookies,sweets-chocolate-chip-cookie__overview_general,Chocolate Chip Cookie - overview general,Sweets & Treats,Chocolate Chip Cookie,product_variant,Sweets & Treats,overview,overview_general,,21,9250,0.0,,item,Optimize the existing item page and strengthen price/nutrition sections.,https://mcdomenuusa.com/menu/sweets-treats/chocolate-chip-cookie/
hot fudge sundae,sweets-hot-fudge-sundae__overview_general,Hot Fudge Sundae - overview general,Sweets & Treats,Hot Fudge Sundae,product_variant,Sweets & Treats,overview,overview_general,,9,9240,0.0,,item,Optimize the existing item page and strengthen price/nutrition sections.,https://mcdomenuusa.com/menu/sweets-treats/hot-fudge-sundae/
mcdonald's bundle box,shareables-bundles__price_value,Shareables & Bundles - price value,Value & Deals,Shareables & Bundles,support_page,,commercial,price_value,,105,8910,0.0,,support,Optimize the existing guide page and strengthen entity coverage.,https://mcdomenuusa.com/shareables-bundles/
20 piece chicken mcnuggets price,nuggets-20-pc-chicken-mcnuggets__price_value,20 pc Chicken McNuggets - price value,McNuggets & Strips,20 pc Chicken McNuggets,product_variant,Chicken McNuggets,commercial,price_value,,47,8240,0.0,,item,Optimize the existing item page and strengthen price/nutrition sections.,https://mcdomenuusa.com/menu/mcnuggets-strips/20-pc-chicken-mcnuggets/
how much is a mcdouble,burgers-mcdouble__price_value,McDouble - price value,Burgers,McDouble,product_variant,Burgers Menu,commercial,price_value,,52,8090,0.0,,item,Optimize the existing item page and strengthen price/nutrition sections.,https://mcdomenuusa.com/menu/burgers-menu/mcdouble/
mcdonald's small fries calories,sides-world-famous-fries-small__nutrition_macros,World Famous Fries Small - nutrition macros,Fries & Sides,World Famous Fries Small,product_variant,World Famous Fries,nutrition,nutrition_macros,,52,8080,0.0,,item,Optimize the existing item page and strengthen price/nutrition sections.,https://mcdomenuusa.com/menu/fries-sides/world-famous-fries-small/
mcdonald's ice cream price,sweets-treats__price_value,Sweets & Treats - price value,Sweets & Treats,Sweets & Treats,menu_guide,,commercial,price_value,,111,7660,0.0,,guide,Optimize the existing guide page and strengthen entity coverage.,https://mcdomenuusa.com/sweets-treats/
how much is a cheeseburger at mcdonald's,burgers-cheeseburger__price_value,Cheeseburger - price value,Burgers,Cheeseburger,product_variant,Burgers Menu,commercial,price_value,,76,7540,0.0,,item,Optimize the existing item page and strengthen price/nutrition sections.,https://mcdomenuusa.com/menu/burgers-menu/cheeseburger/
how much is an ice cream cone at mcdonald's,sweets-vanilla-cone__price_value,Vanilla Cone - price value,Sweets & Treats,Vanilla Cone,product_variant,Sweets & Treats,commercial,price_value,,67,7540,0.0,,item,Optimize the existing item page and strengthen price/nutrition sections.,https://mcdomenuusa.com/menu/sweets-treats/vanilla-cone/
how much is a 10 piece mcnugget,nuggets-10-pc-chicken-mcnuggets__price_value,10 pc Chicken McNuggets - price value,McNuggets & Strips,10 pc Chicken McNuggets,product_variant,Chicken McNuggets,commercial,price_value,,41,7480,0.0,,item,Optimize the existing item page and strengthen price/nutrition sections.,https://mcdomenuusa.com/menu/mcnuggets-strips/10-pc-chicken-mcnuggets/
mcdonalds iced coffee,coffee-mccafe-iced-coffee-small__overview_menu,McCafe Iced Coffee Small - overview menu,McCafe Coffees,McCafe Iced Coffee Small,product_variant,McCafe Iced Coffee,overview,overview_menu,,54,7430,0.0,,item,Optimize the existing item page and strengthen price/nutrition sections.,https://mcdomenuusa.com/menu/mccafe-coffees/mccafe-iced-coffee-small/
sausage mcgriddle,bfast-sausage-mcgriddles__overview_general,Sausage McGriddles - overview general,Breakfast,Sausage McGriddles,product_variant,Breakfast Menu,overview,overview_general,,10,7100,0.0,,item,Optimize the existing item page and strengthen price/nutrition sections.,https://mcdomenuusa.com/menu/breakfast-menu/sausage-mcgriddles/
mcdonalds nuggets,nuggets-6-pc-chicken-mcnuggets__overview_general,6 pc Chicken McNuggets - overview general,McNuggets & Strips,6 pc Chicken McNuggets,product_variant,Chicken McNuggets,overview,overview_general,,46,7010,0.0,,item,Optimize the existing item page and strengthen price/nutrition sections.,https://mcdomenuusa.com/menu/mcnuggets-strips/6-pc-chicken-mcnuggets/
how much is a large fry at mcdonald's,sides-world-famous-fries-large__price_value,World Famous Fries Large - price value,Fries & Sides,World Famous Fries Large,product_variant,World Famous Fries,commercial,price_value,,70,6870,0.0,,item,Optimize the existing item page and strengthen price/nutrition sections.,https://mcdomenuusa.com/menu/fries-sides/world-famous-fries-large/
mcdonalds smoothie,beverages-smoothie__overview_general,Smoothie - overview general,Beverages,Smoothie,product_family,Beverages & Drinks,overview,overview_general,,61,6540,0.0,,family_section,Expand the parent category guide with a dedicated family section or create a focused family guide.,https://mcdomenuusa.com/beverage-menu/
calories in filet o fish,chicken-filet-o-fish__nutrition_macros,Filet-O-Fish - nutrition macros,Chicken & Fish,Filet-O-Fish,product_variant,Chicken & Fish Menu,nutrition,nutrition_macros,,69,6500,0.0,,item,Optimize the existing item page and strengthen price/nutrition sections.,https://mcdomenuusa.com/menu/chicken-fish/filet-o-fish/
mcdonalds drink menu,beverages-drinks__overview_menu,Beverages & Drinks - overview menu,Beverages,Beverages & Drinks,menu_guide,,overview,overview_menu,,46,6490,0.0,,guide,Optimize the existing guide page and strengthen entity coverage.,https://mcdomenuusa.com/beverage-menu/
mcdonald's coffee menu,mccafe-coffees__overview_menu,McCafe Coffees - overview menu,McCafe Coffees,McCafe Coffees,menu_guide,,overview,overview_menu,,37,6410,0.0,,guide,Optimize the existing guide page and strengthen entity coverage.,https://mcdomenuusa.com/mccafe-menu/
mcgriddle calories,breakfast-mcgriddle__nutrition_macros,McGriddle - nutrition macros,Breakfast,McGriddle,product_family,Breakfast Menu,nutrition,nutrition_macros,,44,6370,0.0,,family_section,Expand the parent category guide with a dedicated family section or create a focused family guide.,https://mcdomenuusa.com/breakfast-menu/
mcdonald's $5 meal,extra-value-meals__overview_menu,Extra Value Meals - overview menu,Value & Deals,Extra Value Meals,menu_guide,,overview,overview_menu,,4,6300,0.0,,guide,Optimize the existing guide page and strengthen entity coverage.,https://mcdomenuusa.com/extra-value-meals/
large coke mcdonalds calories,nutrition-guide__nutrition_macros,"Nutrition, Calories & Allergens - nutrition macros",Nutrition,"Nutrition, Calories & Allergens",support_page,,nutrition,nutrition_macros,,78,6280,0.0,,support,Optimize the existing guide page and strengthen entity coverage.,https://mcdomenuusa.com/mcdonalds-nutrition-calories-allergens/
mcdonalds caramel frappe,coffee-mccafe-caramel-frappe-small__overview_general,McCafe Caramel Frappe Small - overview general,McCafe Coffees,McCafe Caramel Frappe Small,product_variant,McCafe Caramel Frappe,overview,overview_general,,25,6030,0.0,,item,Optimize the existing item page and strengthen price/nutrition sections.,https://mcdomenuusa.com/menu/mccafe-coffees/mccafe-caramel-frappe-small/
how much is a 20 piece nugget at mcdonald's,mcnuggets-strips__price_value,McNuggets & Strips - price value,McNuggets & Strips,McNuggets & Strips,menu_guide,,commercial,price_value,,69,5970,0.0,,guide,Optimize the existing guide page and strengthen entity coverage.,https://mcdomenuusa.com/nuggets-and-strips/
mcdonald's sausage burrito,bfast-sausage-burrito__overview_general,Sausage Burrito - overview general,Breakfast,Sausage Burrito,product_variant,Breakfast Menu,overview,overview_general,,29,5880,0.0,,item,Optimize the existing item page and strengthen price/nutrition sections.,https://mcdomenuusa.com/menu/breakfast-menu/sausage-burrito/
6 piece chicken mcnuggets calories,nuggets-6-pc-chicken-mcnuggets__nutrition_macros,6 pc Chicken McNuggets - nutrition macros,McNuggets & Strips,6 pc Chicken McNuggets,product_variant,Chicken McNuggets,nutrition,nutrition_macros,,34,5800,0.0,,item,Optimize the existing item page and strengthen price/nutrition sections.,https://mcdomenuusa.com/menu/mcnuggets-strips/6-pc-chicken-mcnuggets/
vanilla ice cream cone,sweets-vanilla-cone__overview_general,Vanilla Cone - overview general,Sweets & Treats,Vanilla Cone,product_variant,Sweets & Treats,overview,overview_general,,27,5760,0.0,,item,Optimize the existing item page and strengthen price/nutrition sections.,https://mcdomenuusa.com/menu/sweets-treats/vanilla-cone/
10 piece chicken mcnuggets calories,nuggets-10-pc-chicken-mcnuggets__nutrition_macros,10 pc Chicken McNuggets - nutrition macros,McNuggets & Strips,10 pc Chicken McNuggets,product_variant,Chicken McNuggets,nutrition,nutrition_macros,,25,5700,0.0,,item,Optimize the existing item page and strengthen price/nutrition sections.,https://mcdomenuusa.com/menu/mcnuggets-strips/10-pc-chicken-mcnuggets/
egg mcmuffin price,bfast-egg-mcmuffin__price_value,Egg McMuffin - price value,Breakfast,Egg McMuffin,product_variant,Breakfast Menu,commercial,price_value,,45,5670,0.0,,item,Optimize the existing item page and strengthen price/nutrition sections.,https://mcdomenuusa.com/menu/breakfast-menu/egg-mcmuffin/
mcdonald's ice cream cone calories,sweets-vanilla-cone__nutrition_macros,Vanilla Cone - nutrition macros,Sweets & Treats,Vanilla Cone,product_variant,Sweets & Treats,nutrition,nutrition_macros,,51,5670,0.0,,item,Optimize the existing item page and strengthen price/nutrition sections.,https://mcdomenuusa.com/menu/sweets-treats/vanilla-cone/
softserve near me,sweets-treats__overview_general,Sweets & Treats - overview general,Sweets & Treats,Sweets & Treats,menu_guide,,overview,overview_general,,61,5610,0.0,,guide,Optimize the existing guide page and strengthen entity coverage.,https://mcdomenuusa.com/sweets-treats/
mcdonald's value menu with prices,deals-mcvalue-guide__price_value,Deals & McValue Guide - price value,Value & Deals,Deals & McValue Guide,support_page,,commercial,price_value,,45,5560,0.0,,support,Optimize the existing guide page and strengthen entity coverage.,https://mcdomenuusa.com/mcdonalds-deals-mcvalue-guide/
how much is a double cheeseburger at mcdonald's,burgers-double-cheeseburger__price_value,Double Cheeseburger - price value,Burgers,Double Cheeseburger,product_variant,Burgers Menu,commercial,price_value,,31,5480,0.0,,item,Optimize the existing item page and strengthen price/nutrition sections.,https://mcdomenuusa.com/menu/burgers-menu/double-cheeseburger/
mcdonald's breakfast burrito calories,breakfast-menu__nutrition_macros,Breakfast Menu - nutrition macros,Breakfast,Breakfast Menu,menu_guide,,nutrition,nutrition_macros,,41,5420,0.0,,guide,Optimize the existing guide page and strengthen entity coverage.,https://mcdomenuusa.com/breakfast-menu/
mcdonald's chicken nuggets price,mcvalue-chicken-mcnuggets__price_value,Chicken McNuggets - price value,Value & Deals,Chicken McNuggets,product_family,McValue Menu,commercial,price_value,,138,5410,0.0,,family_section,Expand the parent category guide with a dedicated family section or create a focused family guide.,https://mcdomenuusa.com/mcdonalds-deals-mcvalue-guide/
hot coco,coffee-mccafe-hot-chocolate__overview_general,McCafe Hot Chocolate - overview general,McCafe Coffees,McCafe Hot Chocolate,product_family,McCafe Coffees,overview,overview_general,,22,5350,0.0,,family_section,Expand the parent category guide with a dedicated family section or create a focused family guide.,https://mcdomenuusa.com/mccafe-menu/
mcdonald's hash brown price,bfast-hash-browns__price_value,Hash Browns - price value,Breakfast,Hash Browns,product_variant,Breakfast Menu,commercial,price_value,,52,5300,0.0,,item,Optimize the existing item page and strengthen price/nutrition sections.,https://mcdomenuusa.com/menu/breakfast-menu/hash-browns/
mcdonald's french fries,mcvalue-world-famous-fries__overview_general,World Famous Fries - overview general,Value & Deals,World Famous Fries,product_family,McValue Menu,overview,overview_general,,6,5130,0.0,,family_section,Expand the parent category guide with a dedicated family section or create a focused family guide.,https://mcdomenuusa.com/mcdonalds-deals-mcvalue-guide/
mcdonald's oatmeal,bfast-fruit-maple-oatmeal__overview_general,Fruit & Maple Oatmeal - overview general,Breakfast,Fruit & Maple Oatmeal,product_variant,Breakfast Menu,overview,overview_general,,20,5120,0.0,,item,Optimize the existing item page and strengthen price/nutrition sections.,https://mcdomenuusa.com/menu/breakfast-menu/fruit-maple-oatmeal/
mcdonald's sausage mcmuffin,bfast-sausage-mcmuffin__overview_general,Sausage McMuffin - overview general,Breakfast,Sausage McMuffin,product_variant,Breakfast Menu,overview,overview_general,,18,5010,0.0,,item,Optimize the existing item page and strengthen price/nutrition sections.,https://mcdomenuusa.com/menu/breakfast-menu/sausage-mcmuffin/
sausage egg and cheese mcmuffin calories,breakfast-mcmuffin__nutrition_macros,McMuffin - nutrition macros,Breakfast,McMuffin,product_family,Breakfast Menu,nutrition,nutrition_macros,,26,4930,0.0,,family_section,Expand the parent category guide with a dedicated family section or create a focused family guide.,https://mcdomenuusa.com/breakfast-menu/
mcdonald's hotcakes,bfast-hotcakes__overview_general,Hotcakes - overview general,Breakfast,Hotcakes,product_variant,Breakfast Menu,overview,overview_general,,29,4510,0.0,,item,Optimize the existing item page and strengthen price/nutrition sections.,https://mcdomenuusa.com/menu/breakfast-menu/hotcakes/
mcdonalds drink,beverages-drinks__overview_general,Beverages & Drinks - overview general,Beverages,Beverages & Drinks,menu_guide,,overview,overview_general,,61,4510,0.0,,guide,Optimize the existing guide page and strengthen entity coverage.,https://mcdomenuusa.com/beverage-menu/
steak bagel mcdonald's,bfast-bagel__overview_general,Bagel - overview general,Breakfast,Bagel,product_variant,Breakfast Menu,overview,overview_general,,17,4480,0.0,,item,Optimize the existing item page and strengthen price/nutrition sections.,https://mcdomenuusa.com/menu/breakfast-menu/bagel/
caramel frappe mcdonalds price,coffee-mccafe-caramel-frappe-small__price_value,McCafe Caramel Frappe Small - price value,McCafe Coffees,McCafe Caramel Frappe Small,product_variant,McCafe Caramel Frappe,commercial,price_value,,43,4370,0.0,,item,Optimize the existing item page and strengthen price/nutrition sections.,https://mcdomenuusa.com/menu/mccafe-coffees/mccafe-caramel-frappe-small/
mcvoice,mcdvoice__overview_general,McDVoice Survey - overview general,Customer Journey,McDVoice Survey,service_page,,overview,overview_general,,23,4350,0.0,,service,Create a new support page and interlink it from the main menu hub.,https://mcdomenuusa.com/mcdvoice/
mocha frappe mcdonald's,coffee-mccafe-mocha-frappe-small__overview_general,McCafe Mocha Frappe Small - overview general,McCafe Coffees,McCafe Mocha Frappe Small,product_variant,McCafe Mocha Frappe,overview,overview_general,,24,4270,0.0,,item,Optimize the existing item page and strengthen price/nutrition sections.,https://mcdomenuusa.com/menu/mccafe-coffees/mccafe-mocha-frappe-small/
mccrispy chicken sandwich,chicken-fish-menu__overview_general,Chicken & Fish Menu - overview general,Chicken & Fish,Chicken & Fish Menu,menu_guide,,overview,overview_general,,28,4220,0.0,,guide,Optimize the existing guide page and strengthen entity coverage.,https://mcdomenuusa.com/chicken-fish-menu/
mcdonald's sausage burrito calories,bfast-sausage-burrito__nutrition_macros,Sausage Burrito - nutrition macros,Breakfast,Sausage Burrito,product_variant,Breakfast Menu,nutrition,nutrition_macros,,32,4200,0.0,,item,Optimize the existing item page and strengthen price/nutrition sections.,https://mcdomenuusa.com/menu/breakfast-menu/sausage-burrito/
mcdonald's family meal,shareables-bundles__overview_menu,Shareables & Bundles - overview menu,Value & Deals,Shareables & Bundles,support_page,,overview,overview_menu,,21,4050,0.0,,support,Optimize the existing guide page and strengthen entity coverage.,https://mcdomenuusa.com/shareables-bundles/
how many calories are in a mcdonald's cheeseburger,burgers-cheeseburger__nutrition_macros,Cheeseburger - nutrition macros,Burgers,Cheeseburger,product_variant,Burgers Menu,nutrition,nutrition_macros,,33,3750,0.0,,item,Optimize the existing item page and strengthen price/nutrition sections.,https://mcdomenuusa.com/menu/burgers-menu/cheeseburger/
m&m mcflurry,sweets-m-ms-mcflurry__overview_general,M&M'S McFlurry - overview general,Sweets & Treats,M&M'S McFlurry,product_variant,Sweets & Treats,overview,overview_general,,9,3680,0.0,,item,Optimize the existing item page and strengthen price/nutrition sections.,https://mcdomenuusa.com/menu/sweets-treats/m-ms-mcflurry/
filet o fish price,chicken-filet-o-fish__price_value,Filet-O-Fish - price value,Chicken & Fish,Filet-O-Fish,product_variant,Chicken & Fish Menu,commercial,price_value,,62,3670,0.0,,item,Optimize the existing item page and strengthen price/nutrition sections.,https://mcdomenuusa.com/menu/chicken-fish/filet-o-fish/
how much is a 20 piece chicken nugget at mcdonald's,nuggets-chicken-mcnuggets__price_value,Chicken McNuggets - price value,McNuggets & Strips,Chicken McNuggets,product_family,McNuggets & Strips,commercial,price_value,,100,3660,0.0,,family_section,Expand the parent category guide with a dedicated family section or create a focused family guide.,https://mcdomenuusa.com/nuggets-and-strips/
20 piece chicken mcnuggets calories,nuggets-20-pc-chicken-mcnuggets__nutrition_macros,20 pc Chicken McNuggets - nutrition macros,McNuggets & Strips,20 pc Chicken McNuggets,product_variant,Chicken McNuggets,nutrition,nutrition_macros,,18,3640,0.0,,item,Optimize the existing item page and strengthen price/nutrition sections.,https://mcdomenuusa.com/menu/mcnuggets-strips/20-pc-chicken-mcnuggets/
mcdonald's sausage biscuit calories,bfast-sausage-biscuit__nutrition_macros,Sausage Biscuit - nutrition macros,Breakfast,Sausage Biscuit,product_variant,Breakfast Menu,nutrition,nutrition_macros,,26,3610,0.0,,item,Optimize the existing item page and strengthen price/nutrition sections.,https://mcdomenuusa.com/menu/breakfast-menu/sausage-biscuit/
how much is a large drink at mcdonald's,beverages-drinks__price_value,Beverages & Drinks - price value,Beverages,Beverages & Drinks,menu_guide,,commercial,price_value,,60,3570,0.0,,guide,Optimize the existing guide page and strengthen entity coverage.,https://mcdomenuusa.com/beverage-menu/
sausage egg and cheese mcgriddle calories,bfast-sausage-egg-cheese-mcgriddles__nutrition_macros,"Sausage, Egg & Cheese McGriddles - nutrition macros",Breakfast,"Sausage, Egg & Cheese McGriddles",product_variant,Breakfast Menu,nutrition,nutrition_macros,,13,3560,0.0,,item,Optimize the existing item page and strengthen price/nutrition sections.,https://mcdomenuusa.com/menu/breakfast-menu/sausage-egg-cheese-mcgriddles/
mcdonald's sausage mcmuffin with egg,bfast-sausage-mcmuffin-with-egg__overview_general,Sausage McMuffin with Egg - overview general,Breakfast,Sausage McMuffin with Egg,product_variant,Breakfast Menu,overview,overview_general,,4,3400,0.0,,item,Optimize the existing item page and strengthen price/nutrition sections.,https://mcdomenuusa.com/menu/breakfast-menu/sausage-mcmuffin-with-egg/
how much are happy meals,happy-happy-meal__price_value,Happy Meal - price value,Happy Meal,Happy Meal,product_family,Happy Meal,commercial,price_value,,33,3290,0.0,,family_section,Expand the parent category guide with a dedicated family section or create a focused family guide.,https://mcdomenuusa.com/happy-meal-menu/
mcdonalds ice cream calories,sweets-treats__nutrition_macros,Sweets & Treats - nutrition macros,Sweets & Treats,Sweets & Treats,menu_guide,,nutrition,nutrition_macros,,46,3270,0.0,,guide,Optimize the existing guide page and strengthen entity coverage.,https://mcdomenuusa.com/sweets-treats/
apple pie mcdonald's,sweets-baked-apple-pie__overview_general,Baked Apple Pie - overview general,Sweets & Treats,Baked Apple Pie,product_variant,Sweets & Treats,overview,overview_general,,19,3260,0.0,,item,Optimize the existing item page and strengthen price/nutrition sections.,https://mcdomenuusa.com/menu/sweets-treats/baked-apple-pie/
mcdonald's hotcakes calories,bfast-hotcakes__nutrition_macros,Hotcakes - nutrition macros,Breakfast,Hotcakes,product_variant,Breakfast Menu,nutrition,nutrition_macros,,50,3250,0.0,,item,Optimize the existing item page and strengthen price/nutrition sections.,https://mcdomenuusa.com/menu/breakfast-menu/hotcakes/
mcdonald's mcrib,limited-time-mcrib__overview_general,McRib - overview general,Limited Time,McRib,product_family,Limited Time Menu,overview,overview_general,,9,3200,0.0,,family_section,Expand the parent category guide with a dedicated family section or create a focused family guide.,https://mcdomenuusa.com/limited-time-menu/
how much is a quarter pounder at mcdonald's,burgers-quarter-pounder-with-cheese__price_value,Quarter Pounder with Cheese - price value,Burgers,Quarter Pounder with Cheese,product_variant,Burgers Menu,commercial,price_value,,55,3200,0.0,,item,Optimize the existing item page and strengthen price/nutrition sections.,https://mcdomenuusa.com/menu/burgers-menu/quarter-pounder-with-cheese/
mcdonalds chicken nugget,nuggets-chicken-mcnuggets__overview_general,Chicken McNuggets - overview general,McNuggets & Strips,Chicken McNuggets,product_family,McNuggets & Strips,overview,overview_general,,38,3150,0.0,,family_section,Expand the parent category guide with a dedicated family section or create a focused family guide.,https://mcdomenuusa.com/nuggets-and-strips/
sausage mcgriddle calories,bfast-sausage-mcgriddles__nutrition_macros,Sausage McGriddles - nutrition macros,Breakfast,Sausage McGriddles,product_variant,Breakfast Menu,nutrition,nutrition_macros,,17,3140,0.0,,item,Optimize the existing item page and strengthen price/nutrition sections.,https://mcdomenuusa.com/menu/breakfast-menu/sausage-mcgriddles/
mcdonalds slushie,bev-frozen-fanta-blue-raspberry__overview_general,Frozen Fanta Blue Raspberry - overview general,Beverages,Frozen Fanta Blue Raspberry,product_family,Beverages & Drinks,overview,overview_general,,16,3070,0.0,,family_section,Expand the parent category guide with a dedicated family section or create a focused family guide.,https://mcdomenuusa.com/beverage-menu/
sausage mcmuffin with egg calories,bfast-sausage-mcmuffin-with-egg__nutrition_macros,Sausage McMuffin with Egg - nutrition macros,Breakfast,Sausage McMuffin with Egg,product_variant,Breakfast Menu,nutrition,nutrition_macros,,14,3060,0.0,,item,Optimize the existing item page and strengthen price/nutrition sections.,https://mcdomenuusa.com/menu/breakfast-menu/sausage-mcmuffin-with-egg/
small caramel frappe mcdonalds calories,coffee-mccafe-caramel-frappe-small__nutrition_macros,McCafe Caramel Frappe Small - nutrition macros,McCafe Coffees,McCafe Caramel Frappe Small,product_variant,McCafe Caramel Frappe,nutrition,nutrition_macros,,31,3020,0.0,,item,Optimize the existing item page and strengthen price/nutrition sections.,https://mcdomenuusa.com/menu/mccafe-coffees/mccafe-caramel-frappe-small/
mcdonalds chicken strips,nuggets-mccrispy-strips__overview_general,McCrispy Strips - overview general,McNuggets & Strips,McCrispy Strips,product_variant,McNuggets & Strips,overview,overview_general,,1,3000,0.0,,item,Optimize the existing item page and strengthen price/nutrition sections.,https://mcdomenuusa.com/menu/mcnuggets-strips/mccrispy-strips/
mcdouble meal deal,mcvalue-mcdouble-meal-deal__price_value,The McDouble Meal Deal - price value,Value & Deals,The McDouble Meal Deal,product_variant,McValue Menu,commercial,price_value,,1,3000,0.0,,item,Optimize the existing item page and strengthen price/nutrition sections.,https://mcdomenuusa.com/menu/mcvalue-menu/mcdouble-meal-deal/
mcgriddle price,breakfast-mcgriddle__price_value,McGriddle - price value,Breakfast,McGriddle,product_family,Breakfast Menu,commercial,price_value,,30,2990,0.0,,family_section,Expand the parent category guide with a dedicated family section or create a focused family guide.,https://mcdomenuusa.com/breakfast-menu/
mcdonald's large coke calories,bev-soft-drink-small__nutrition_macros,Soft Drink Small - nutrition macros,Beverages,Soft Drink Small,product_variant,Soft Drink,nutrition,nutrition_macros,,43,2990,0.0,,item,Optimize the existing item page and strengthen price/nutrition sections.,https://mcdomenuusa.com/menu/beverages-drinks/soft-drink-small/
mcdonald's sweet tea calories,bev-sweet-tea__nutrition_macros,Sweet Tea - nutrition macros,Beverages,Sweet Tea,product_family,Beverages & Drinks,nutrition,nutrition_macros,,37,2960,0.0,,family_section,Expand the parent category guide with a dedicated family section or create a focused family guide.,https://mcdomenuusa.com/beverage-menu/
how much is a small fry at mcdonalds,sides-world-famous-fries-small__price_value,World Famous Fries Small - price value,Fries & Sides,World Famous Fries Small,product_variant,World Famous Fries,commercial,price_value,,71,2950,0.0,,item,Optimize the existing item page and strengthen price/nutrition sections.,https://mcdomenuusa.com/menu/fries-sides/world-famous-fries-small/
mcdonalds sweet tea,bev-sweet-tea__overview_general,Sweet Tea - overview general,Beverages,Sweet Tea,product_family,Beverages & Drinks,overview,overview_general,,26,2940,0.0,,family_section,Expand the parent category guide with a dedicated family section or create a focused family guide.,https://mcdomenuusa.com/beverage-menu/
mcdonald's chocolate chip cookies,sweets-chocolate-chip-cookies__overview_general,Chocolate Chip Cookies - overview general,Sweets & Treats,Chocolate Chip Cookies,product_variant,Sweets & Treats,overview,overview_general,,8,2930,0.0,,item,Optimize the existing item page and strengthen price/nutrition sections.,https://mcdomenuusa.com/menu/sweets-treats/chocolate-chip-cookies/
mcdonald's strawberry banana smoothie,bev-strawberry-banana-smoothie__overview_general,Strawberry Banana Smoothie - overview general,Beverages,Strawberry Banana Smoothie,product_family,Beverages & Drinks,overview,overview_general,,8,2900,0.0,,family_section,Expand the parent category guide with a dedicated family section or create a focused family guide.,https://mcdomenuusa.com/beverage-menu/
mcdonald's fries price,fries-sides__price_value,Fries & Sides - price value,Fries & Sides,Fries & Sides,menu_guide,,commercial,price_value,,28,2900,0.0,,guide,Optimize the existing guide page and strengthen entity coverage.,https://mcdomenuusa.com/fries-sides/
sausage egg and cheese mcgriddle,bfast-sausage-egg-cheese-mcgriddles__overview_general,"Sausage, Egg & Cheese McGriddles - overview general",Breakfast,"Sausage, Egg & Cheese McGriddles",product_variant,Breakfast Menu,overview,overview_general,,6,2890,0.0,,item,Optimize the existing item page and strengthen price/nutrition sections.,https://mcdomenuusa.com/menu/breakfast-menu/sausage-egg-cheese-mcgriddles/
40 piece chicken mcnuggets price,nuggets-40-pc-chicken-mcnuggets__price_value,40 pc Chicken McNuggets - price value,McNuggets & Strips,40 pc Chicken McNuggets,product_variant,Chicken McNuggets,commercial,price_value,,24,2890,0.0,,item,Optimize the existing item page and strengthen price/nutrition sections.,https://mcdomenuusa.com/menu/mcnuggets-strips/40-pc-chicken-mcnuggets/
how much is a medium fry at mcdonald's,sides-world-famous-fries-medium__price_value,World Famous Fries Medium - price value,Fries & Sides,World Famous Fries Medium,product_variant,World Famous Fries,commercial,price_value,,48,2810,0.0,,item,Optimize the existing item page and strengthen price/nutrition sections.,https://mcdomenuusa.com/menu/fries-sides/world-famous-fries-medium/
does hi c have caffeine,bev-soft-drink-small__nutrition_caffeine,Soft Drink Small - nutrition caffeine,Beverages,Soft Drink Small,product_variant,Soft Drink,nutrition,nutrition_caffeine,,29,2750,0.0,,item,Optimize the existing item page and strengthen price/nutrition sections.,https://mcdomenuusa.com/menu/beverages-drinks/soft-drink-small/
mcdonald's 10 piece nuggets meal price,nuggets-6-pc-chicken-mcnuggets__price_value,6 pc Chicken McNuggets - price value,McNuggets & Strips,6 pc Chicken McNuggets,product_variant,Chicken McNuggets,commercial,price_value,,64,2660,0.0,,item,Optimize the existing item page and strengthen price/nutrition sections.,https://mcdomenuusa.com/menu/mcnuggets-strips/6-pc-chicken-mcnuggets/
mcdonald's big breakfast price,bfast-big-breakfast__price_value,Big Breakfast - price value,Breakfast,Big Breakfast,product_variant,Breakfast Menu,commercial,price_value,,31,2640,0.0,,item,Optimize the existing item page and strengthen price/nutrition sections.,https://mcdomenuusa.com/menu/breakfast-menu/big-breakfast/
spicy mccrispy,chicken-spicy-mccrispy__overview_general,Spicy McCrispy - overview general,Chicken & Fish,Spicy McCrispy,product_variant,Chicken & Fish Menu,overview,overview_general,,5,2580,0.0,,item,Optimize the existing item page and strengthen price/nutrition sections.,https://mcdomenuusa.com/menu/chicken-fish/spicy-mccrispy/
mcdonald's chicken sandwich price,chicken-fish-menu__price_value,Chicken & Fish Menu - price value,Chicken & Fish,Chicken & Fish Menu,menu_guide,,commercial,price_value,,49,2560,0.0,,guide,Optimize the existing guide page and strengthen entity coverage.,https://mcdomenuusa.com/chicken-fish-menu/
how much is a large coffee at mcdonald's,mccafe-coffees__price_value,McCafe Coffees - price value,McCafe Coffees,McCafe Coffees,menu_guide,,commercial,price_value,,35,2500,0.0,,guide,Optimize the existing guide page and strengthen entity coverage.,https://mcdomenuusa.com/mccafe-menu/
does caramel frappe have caffeine,coffee-mccafe-caramel-frappe-small__nutrition_caffeine,McCafe Caramel Frappe Small - nutrition caffeine,McCafe Coffees,McCafe Caramel Frappe Small,product_variant,McCafe Caramel Frappe,nutrition,nutrition_caffeine,,46,2480,0.0,,item,Optimize the existing item page and strengthen price/nutrition sections.,https://mcdomenuusa.com/menu/mccafe-coffees/mccafe-caramel-frappe-small/
mcdonalds pancake calories,menu-hub__nutrition_macros,McDonald's Menu - nutrition macros,Brand Core,McDonald's Menu,menu_hub,,nutrition,nutrition_macros,,52,2470,0.0,,hub,Optimize the existing guide page and strengthen entity coverage.,https://mcdomenuusa.com/menu/
does unsweet tea have caffeine,bev-unsweetened-iced-tea__nutrition_caffeine,Unsweetened Iced Tea - nutrition caffeine,Beverages,Unsweetened Iced Tea,product_family,Beverages & Drinks,nutrition,nutrition_caffeine,,20,2440,0.0,,family_section,Expand the parent category guide with a dedicated family section or create a focused family guide.,https://mcdomenuusa.com/beverage-menu/
mccrispy calories,chicken-mccrispy__nutrition_macros,McCrispy - nutrition macros,Chicken & Fish,McCrispy,product_variant,Chicken & Fish Menu,nutrition,nutrition_macros,,13,2420,0.0,,item,Optimize the existing item page and strengthen price/nutrition sections.,https://mcdomenuusa.com/menu/chicken-fish/mccrispy/
how much caffeine in mcdonalds iced coffee,coffee-mccafe-iced-coffee-small__nutrition_caffeine,McCafe Iced Coffee Small - nutrition caffeine,McCafe Coffees,McCafe Iced Coffee Small,product_variant,McCafe Iced Coffee,nutrition,nutrition_caffeine,,29,2400,0.0,,item,Optimize the existing item page and strengthen price/nutrition sections.,https://mcdomenuusa.com/menu/mccafe-coffees/mccafe-iced-coffee-small/
mcdonalds frappe price,coffee-frappe__price_value,Frappe - price value,McCafe Coffees,Frappe,product_family,McCafe Coffees,commercial,price_value,,52,2360,0.0,,family_section,Expand the parent category guide with a dedicated family section or create a focused family guide.,https://mcdomenuusa.com/mccafe-menu/
bacon egg and cheese mcgriddle calories,bfast-bacon-egg-cheese-mcgriddles__nutrition_macros,"Bacon, Egg & Cheese McGriddles - nutrition macros",Breakfast,"Bacon, Egg & Cheese McGriddles",product_variant,Breakfast Menu,nutrition,nutrition_macros,,13,2330,0.0,,item,Optimize the existing item page and strengthen price/nutrition sections.,https://mcdomenuusa.com/menu/breakfast-menu/bacon-egg-cheese-mcgriddles/
mcdonald's mcflurry price,sweets-mcflurry__price_value,McFlurry - price value,Sweets & Treats,McFlurry,product_family,Sweets & Treats,commercial,price_value,,20,2300,0.0,,family_section,Expand the parent category guide with a dedicated family section or create a focused family guide.,https://mcdomenuusa.com/sweets-treats/
mcdonalds frappe caffeine,coffee-frappe__nutrition_caffeine,Frappe - nutrition caffeine,McCafe Coffees,Frappe,product_family,McCafe Coffees,nutrition,nutrition_caffeine,,29,2300,0.0,,family_section,Expand the parent category guide with a dedicated family section or create a focused family guide.,https://mcdomenuusa.com/mccafe-menu/
how many calories in a big mac and fries,burgers-big-mac__nutrition_macros,Big Mac - nutrition macros,Burgers,Big Mac,product_variant,Burgers Menu,nutrition,nutrition_macros,,10,2290,0.0,,item,Optimize the existing item page and strengthen price/nutrition sections.,https://mcdomenuusa.com/menu/burgers-menu/big-mac/
mcdonald's ice cream menu,sweets-treats__overview_menu,Sweets & Treats - overview menu,Sweets & Treats,Sweets & Treats,menu_guide,,overview,overview_menu,,7,2290,0.0,,guide,Optimize the existing guide page and strengthen entity coverage.,https://mcdomenuusa.com/sweets-treats/
quarter pounder deluxe,burgers-quarter-pounder-with-cheese-deluxe__overview_general,Quarter Pounder with Cheese Deluxe - overview general,Burgers,Quarter Pounder with Cheese Deluxe,product_variant,Burgers Menu,overview,overview_general,,8,2270,0.0,,item,Optimize the existing item page and strengthen price/nutrition sections.,https://mcdomenuusa.com/menu/burgers-menu/quarter-pounder-with-cheese-deluxe/
sausage mcmuffin price,bfast-sausage-mcmuffin__price_value,Sausage McMuffin - price value,Breakfast,Sausage McMuffin,product_variant,Breakfast Menu,commercial,price_value,,19,2270,0.0,,item,Optimize the existing item page and strengthen price/nutrition sections.,https://mcdomenuusa.com/menu/breakfast-menu/sausage-mcmuffin/
how much is a hamburger at mcdonalds,burgers-hamburger__price_value,Hamburger - price value,Burgers,Hamburger,product_variant,Burgers Menu,commercial,price_value,,33,2260,0.0,,item,Optimize the existing item page and strengthen price/nutrition sections.,https://mcdomenuusa.com/menu/burgers-menu/hamburger/
mcdonald's buffalo sauce,sauce-spicy-buffalo-sauce__nutrition_ingredients,Spicy Buffalo Sauce - nutrition ingredients,Sauces & Condiments,Spicy Buffalo Sauce,product_variant,Sauces & Condiments,nutrition,nutrition_ingredients,,22,2120,0.0,,item,Optimize the existing item page and strengthen price/nutrition sections.,https://mcdomenuusa.com/menu/sauces-condiments/spicy-buffalo-sauce/
steak egg and cheese bagel mcdonald's,bfast-steak-egg-cheese-bagel__overview_general,"Steak, Egg & Cheese Bagel - overview general",Breakfast,"Steak, Egg & Cheese Bagel",product_variant,Breakfast Menu,overview,overview_general,,9,2110,0.0,,item,Optimize the existing item page and strengthen price/nutrition sections.,https://mcdomenuusa.com/menu/breakfast-menu/steak-egg-cheese-bagel/
mcdonalds chicken nugget nutrition,nuggets-chicken-mcnuggets__nutrition_macros,Chicken McNuggets - nutrition macros,McNuggets & Strips,Chicken McNuggets,product_family,McNuggets & Strips,nutrition,nutrition_macros,,38,2110,0.0,,family_section,Expand the parent category guide with a dedicated family section or create a focused family guide.,https://mcdomenuusa.com/nuggets-and-strips/
what comes in a happy meal,happy-meal__overview_menu,Happy Meal - overview menu,Happy Meal,Happy Meal,menu_guide,,overview,overview_menu,,34,2070,0.0,,guide,Optimize the existing guide page and strengthen entity coverage.,https://mcdomenuusa.com/happy-meal-menu/
mcdonald's 10 piece nugget calories,mcnuggets-strips__nutrition_macros,McNuggets & Strips - nutrition macros,McNuggets & Strips,McNuggets & Strips,menu_guide,,nutrition,nutrition_macros,,16,2060,0.0,,guide,Optimize the existing guide page and strengthen entity coverage.,https://mcdomenuusa.com/nuggets-and-strips/
how much is a breakfast burrito at mcdonald's,bfast-sausage-burrito__price_value,Sausage Burrito - price value,Breakfast,Sausage Burrito,product_variant,Breakfast Menu,commercial,price_value,,29,2040,0.0,,item,Optimize the existing item page and strengthen price/nutrition sections.,https://mcdomenuusa.com/menu/breakfast-menu/sausage-burrito/
mocha frappe calories,coffee-mccafe-mocha-frappe-small__nutrition_macros,McCafe Mocha Frappe Small - nutrition macros,McCafe Coffees,McCafe Mocha Frappe Small,product_variant,McCafe Mocha Frappe,nutrition,nutrition_macros,,36,2030,0.0,,item,Optimize the existing item page and strengthen price/nutrition sections.,https://mcdomenuusa.com/menu/mccafe-coffees/mccafe-mocha-frappe-small/
mcdonald's frozen drinks,bev-frozen-fanta-blue-raspberry__overview_menu,Frozen Fanta Blue Raspberry - overview menu,Beverages,Frozen Fanta Blue Raspberry,product_family,Beverages & Drinks,overview,overview_menu,,8,1970,0.0,,family_section,Expand the parent category guide with a dedicated family section or create a focused family guide.,https://mcdomenuusa.com/beverage-menu/
happy meal calories,happy-meal__nutrition_macros,Happy Meal - nutrition macros,Happy Meal,Happy Meal,menu_guide,,nutrition,nutrition_macros,,17,1960,0.0,,guide,Optimize the existing guide page and strengthen entity coverage.,https://mcdomenuusa.com/happy-meal-menu/
sausage egg and cheese mcmuffin,breakfast-mcmuffin__overview_general,McMuffin - overview general,Breakfast,McMuffin,product_family,Breakfast Menu,overview,overview_general,,16,1950,0.0,,family_section,Expand the parent category guide with a dedicated family section or create a focused family guide.,https://mcdomenuusa.com/breakfast-menu/
apple pie mcdonalds calories,sweets-baked-apple-pie__nutrition_macros,Baked Apple Pie - nutrition macros,Sweets & Treats,Baked Apple Pie,product_variant,Sweets & Treats,nutrition,nutrition_macros,,20,1900,0.0,,item,Optimize the existing item page and strengthen price/nutrition sections.,https://mcdomenuusa.com/menu/sweets-treats/baked-apple-pie/
mcdonald's coffee price,coffee-premium-roast-coffee__price_value,Premium Roast Coffee - price value,McCafe Coffees,Premium Roast Coffee,product_variant,McCafe Coffees,commercial,price_value,,16,1870,0.0,,item,Optimize the existing item page and strengthen price/nutrition sections.,https://mcdomenuusa.com/menu/mccafe-coffees/premium-roast-coffee/
bacon mcgriddle,breakfast-mcgriddle__overview_general,McGriddle - overview general,Breakfast,McGriddle,product_family,Breakfast Menu,overview,overview_general,,22,1860,0.0,,family_section,Expand the parent category guide with a dedicated family section or create a focused family guide.,https://mcdomenuusa.com/breakfast-menu/
mcdonalds cookie,sweets-cookies__overview_general,Cookies - overview general,Sweets & Treats,Cookies,product_family,Sweets & Treats,overview,overview_general,,2,1850,0.0,,family_section,Expand the parent category guide with a dedicated family section or create a focused family guide.,https://mcdomenuusa.com/sweets-treats/
mcdonalds cookie calories,sweets-cookies__nutrition_macros,Cookies - nutrition macros,Sweets & Treats,Cookies,product_family,Sweets & Treats,nutrition,nutrition_macros,,13,1850,0.0,,family_section,Expand the parent category guide with a dedicated family section or create a focused family guide.,https://mcdomenuusa.com/sweets-treats/
plain cheeseburger,burgers-cheeseburger__overview_general,Cheeseburger - overview general,Burgers,Cheeseburger,product_variant,Burgers Menu,overview,overview_general,,23,1840,0.0,,item,Optimize the existing item page and strengthen price/nutrition sections.,https://mcdomenuusa.com/menu/burgers-menu/cheeseburger/
mcdonald's sausage biscuit,bfast-sausage-biscuit__overview_general,Sausage Biscuit - overview general,Breakfast,Sausage Biscuit,product_variant,Breakfast Menu,overview,overview_general,,7,1780,0.0,,item,Optimize the existing item page and strengthen price/nutrition sections.,https://mcdomenuusa.com/menu/breakfast-menu/sausage-biscuit/
mc cafe,mccafe-coffees__overview_general,McCafe Coffees - overview general,McCafe Coffees,McCafe Coffees,menu_guide,,overview,overview_general,,16,1780,0.0,,guide,Optimize the existing guide page and strengthen entity coverage.,https://mcdomenuusa.com/mccafe-menu/
mcdonald's chocolate shake,sweets-chocolate-shake__overview_general,Chocolate Shake - overview general,Sweets & Treats,Chocolate Shake,product_family,Sweets & Treats,overview,overview_general,,8,1760,0.0,,family_section,Expand the parent category guide with a dedicated family section or create a focused family guide.,https://mcdomenuusa.com/sweets-treats/
mcdonald's iced coffee price,coffee-mccafe-iced-coffee-small__price_value,McCafe Iced Coffee Small - price value,McCafe Coffees,McCafe Iced Coffee Small,product_variant,McCafe Iced Coffee,commercial,price_value,,35,1760,0.0,,item,Optimize the existing item page and strengthen price/nutrition sections.,https://mcdomenuusa.com/menu/mccafe-coffees/mccafe-iced-coffee-small/
mcdonald's lemonade,bev-lemonade__overview_general,Lemonade - overview general,Beverages,Lemonade,product_family,Beverages & Drinks,overview,overview_general,,8,1750,0.0,,family_section,Expand the parent category guide with a dedicated family section or create a focused family guide.,https://mcdomenuusa.com/beverage-menu/
does mocha frappe have caffeine,coffee-mccafe-mocha-frappe-small__nutrition_caffeine,McCafe Mocha Frappe Small - nutrition caffeine,McCafe Coffees,McCafe Mocha Frappe Small,product_variant,McCafe Mocha Frappe,nutrition,nutrition_caffeine,,30,1740,0.0,,item,Optimize the existing item page and strengthen price/nutrition sections.,https://mcdomenuusa.com/menu/mccafe-coffees/mccafe-mocha-frappe-small/
bacon egg and cheese biscuit calories,bfast-bacon-egg-cheese-biscuit__nutrition_macros,"Bacon, Egg & Cheese Biscuit - nutrition macros",Breakfast,"Bacon, Egg & Cheese Biscuit",product_variant,Breakfast Menu,nutrition,nutrition_macros,,18,1720,0.0,,item,Optimize the existing item page and strengthen price/nutrition sections.,https://mcdomenuusa.com/menu/breakfast-menu/bacon-egg-cheese-biscuit/
how much is a large coke at mcdonald's,bev-soft-drink-small__price_value,Soft Drink Small - price value,Beverages,Soft Drink Small,product_variant,Soft Drink,commercial,price_value,,37,1670,0.0,,item,Optimize the existing item page and strengthen price/nutrition sections.,https://mcdomenuusa.com/menu/beverages-drinks/soft-drink-small/
double quarter pounder calories,burgers-double-quarter-pounder-with-cheese__nutrition_macros,Double Quarter Pounder with Cheese - nutrition macros,Burgers,Double Quarter Pounder with Cheese,product_variant,Burgers Menu,nutrition,nutrition_macros,,8,1660,0.0,,item,Optimize the existing item page and strengthen price/nutrition sections.,https://mcdomenuusa.com/menu/burgers-menu/double-quarter-pounder-with-cheese/
mcdonald's cookies calories,sweets-chocolate-chip-cookie__nutrition_macros,Chocolate Chip Cookie - nutrition macros,Sweets & Treats,Chocolate Chip Cookie,product_variant,Sweets & Treats,nutrition,nutrition_macros,,17,1610,0.0,,item,Optimize the existing item page and strengthen price/nutrition sections.,https://mcdomenuusa.com/menu/sweets-treats/chocolate-chip-cookie/
deluxe mccrispy,chicken-deluxe-mccrispy__overview_general,Deluxe McCrispy - overview general,Chicken & Fish,Deluxe McCrispy,product_variant,Chicken & Fish Menu,overview,overview_general,,3,1590,0.0,,item,Optimize the existing item page and strengthen price/nutrition sections.,https://mcdomenuusa.com/menu/chicken-fish/deluxe-mccrispy/
how much is a sausage biscuit at mcdonald's,bfast-sausage-biscuit__price_value,Sausage Biscuit - price value,Breakfast,Sausage Biscuit,product_variant,Breakfast Menu,commercial,price_value,,17,1590,0.0,,item,Optimize the existing item page and strengthen price/nutrition sections.,https://mcdomenuusa.com/menu/breakfast-menu/sausage-biscuit/
mcdonald's orange juice,bev-minute-maid-premium-orange-juice__overview_general,Minute Maid Premium Orange Juice - overview general,Beverages,Minute Maid Premium Orange Juice,product_family,Beverages & Drinks,overview,overview_general,,11,1580,0.0,,family_section,Expand the parent category guide with a dedicated family section or create a focused family guide.,https://mcdomenuusa.com/beverage-menu/
unsweet tea calories,bev-unsweetened-iced-tea__nutrition_macros,Unsweetened Iced Tea - nutrition macros,Beverages,Unsweetened Iced Tea,product_family,Beverages & Drinks,nutrition,nutrition_macros,,11,1550,0.0,,family_section,Expand the parent category guide with a dedicated family section or create a focused family guide.,https://mcdomenuusa.com/beverage-menu/
mcdonald's biscuit,breakfast-menu__overview_general,Breakfast Menu - overview general,Breakfast,Breakfast Menu,menu_guide,,overview,overview_general,,24,1550,0.0,,guide,Optimize the existing guide page and strengthen entity coverage.,https://mcdomenuusa.com/breakfast-menu/
daily double mcdonald's,burgers-daily-double__overview_general,Daily Double - overview general,Burgers,Daily Double,product_variant,Burgers Menu,overview,overview_general,,3,1540,0.0,,item,Optimize the existing item page and strengthen price/nutrition sections.,https://mcdomenuusa.com/menu/burgers-menu/daily-double/
mcrib calories,limited-time-mcrib__nutrition_macros,McRib - nutrition macros,Limited Time,McRib,product_family,Limited Time Menu,nutrition,nutrition_macros,,12,1520,0.0,,family_section,Expand the parent category guide with a dedicated family section or create a focused family guide.,https://mcdomenuusa.com/limited-time-menu/
how much is a double quarter pounder,burgers-double-quarter-pounder-with-cheese__price_value,Double Quarter Pounder with Cheese - price value,Burgers,Double Quarter Pounder with Cheese,product_variant,Burgers Menu,commercial,price_value,,22,1520,0.0,,item,Optimize the existing item page and strengthen price/nutrition sections.,https://mcdomenuusa.com/menu/burgers-menu/double-quarter-pounder-with-cheese/
m&m mcflurry calories,sweets-m-ms-mcflurry__nutrition_macros,M&M'S McFlurry - nutrition macros,Sweets & Treats,M&M'S McFlurry,product_variant,Sweets & Treats,nutrition,nutrition_macros,,20,1490,0.0,,item,Optimize the existing item page and strengthen price/nutrition sections.,https://mcdomenuusa.com/menu/sweets-treats/m-ms-mcflurry/
mymcdonald's rewards,rewards-guide__service_rewards,Rewards Guide - service rewards,Customer Journey,Rewards Guide,service_page,,service_task,service_rewards,,22,1480,0.0,,support,Optimize the existing support page.,https://mcdomenuusa.com/rewards-guide/
how much are mcdonalds cookies,sweets-chocolate-chip-cookie__price_value,Chocolate Chip Cookie - price value,Sweets & Treats,Chocolate Chip Cookie,product_variant,Sweets & Treats,commercial,price_value,,22,1470,0.0,,item,Optimize the existing item page and strengthen price/nutrition sections.,https://mcdomenuusa.com/menu/sweets-treats/chocolate-chip-cookie/
mcdonald's strawberry shake,sweets-strawberry-shake__overview_general,Strawberry Shake - overview general,Sweets & Treats,Strawberry Shake,product_family,Sweets & Treats,overview,overview_general,,5,1460,0.0,,family_section,Expand the parent category guide with a dedicated family section or create a focused family guide.,https://mcdomenuusa.com/sweets-treats/
breakfast burrito mcdonald's,bfast-sausage-burrito__overview_menu,Sausage Burrito - overview menu,Breakfast,Sausage Burrito,product_variant,Breakfast Menu,overview,overview_menu,,13,1430,0.0,,item,Optimize the existing item page and strengthen price/nutrition sections.,https://mcdomenuusa.com/menu/breakfast-menu/sausage-burrito/
how many calories in a big mac meal,evm-big-mac-meal__nutrition_macros,Big Mac Meal - nutrition macros,Value & Deals,Big Mac Meal,product_variant,Extra Value Meals,nutrition,nutrition_macros,,7,1420,0.0,,item,Optimize the existing item page and strengthen price/nutrition sections.,https://mcdomenuusa.com/menu/extra-value-meals/big-mac-meal/
mango pineapple smoothie mcdonald's,bev-mango-pineapple-smoothie__overview_general,Mango Pineapple Smoothie - overview general,Beverages,Mango Pineapple Smoothie,product_family,Beverages & Drinks,overview,overview_general,,7,1410,0.0,,family_section,Expand the parent category guide with a dedicated family section or create a focused family guide.,https://mcdomenuusa.com/beverage-menu/
how much is a shamrock shake,limited-time-menu__price_value,Limited Time Menu - price value,Limited Time,Limited Time Menu,support_page,,commercial,price_value,,33,1400,0.0,,support,Optimize the existing guide page and strengthen entity coverage.,https://mcdomenuusa.com/limited-time-menu/
20 piece chicken mcnuggets,nuggets-20-pc-chicken-mcnuggets__overview_general,20 pc Chicken McNuggets - overview general,McNuggets & Strips,20 pc Chicken McNuggets,product_variant,Chicken McNuggets,overview,overview_general,,12,1390,0.0,,item,Optimize the existing item page and strengthen price/nutrition sections.,https://mcdomenuusa.com/menu/mcnuggets-strips/20-pc-chicken-mcnuggets/
mcdonald's big breakfast calories,bfast-big-breakfast__nutrition_macros,Big Breakfast - nutrition macros,Breakfast,Big Breakfast,product_variant,Breakfast Menu,nutrition,nutrition_macros,,22,1370,0.0,,item,Optimize the existing item page and strengthen price/nutrition sections.,https://mcdomenuusa.com/menu/breakfast-menu/big-breakfast/
mcdonald's vanilla shake,sweets-vanilla-shake__overview_general,Vanilla Shake - overview general,Sweets & Treats,Vanilla Shake,product_family,Sweets & Treats,overview,overview_general,,4,1360,0.0,,family_section,Expand the parent category guide with a dedicated family section or create a focused family guide.,https://mcdomenuusa.com/sweets-treats/
mcdonald's mayonnaise ingredients,menu-hub__nutrition_ingredients,McDonald's Menu - nutrition ingredients,Brand Core,McDonald's Menu,menu_hub,,nutrition,nutrition_ingredients,,21,1320,0.0,,hub,Optimize the existing guide page and strengthen entity coverage.,https://mcdomenuusa.com/menu/
mcdonald's iced coffee nutrition,coffee-mccafe-iced-coffee-small__nutrition_macros,McCafe Iced Coffee Small - nutrition macros,McCafe Coffees,McCafe Iced Coffee Small,product_variant,McCafe Iced Coffee,nutrition,nutrition_macros,,23,1300,0.0,,item,Optimize the existing item page and strengthen price/nutrition sections.,https://mcdomenuusa.com/menu/mccafe-coffees/mccafe-iced-coffee-small/
iced caramel macchiato mcdonalds,coffee-mccafe-iced-caramel-macchiato__overview_general,McCafe Iced Caramel Macchiato - overview general,McCafe Coffees,McCafe Iced Caramel Macchiato,product_family,McCafe Coffees,overview,overview_general,,7,1260,0.0,,family_section,Expand the parent category guide with a dedicated family section or create a focused family guide.,https://mcdomenuusa.com/mccafe-menu/
mcmuffin price,breakfast-mcmuffin__price_value,McMuffin - price value,Breakfast,McMuffin,product_family,Breakfast Menu,commercial,price_value,,19,1260,0.0,,family_section,Expand the parent category guide with a dedicated family section or create a focused family guide.,https://mcdomenuusa.com/breakfast-menu/
mcdonalds big breakfast with hotcakes,bfast-big-breakfast-with-hotcakes__overview_menu,Big Breakfast with Hotcakes - overview menu,Breakfast,Big Breakfast with Hotcakes,product_variant,Breakfast Menu,overview,overview_menu,,4,1240,0.0,,item,Optimize the existing item page and strengthen price/nutrition sections.,https://mcdomenuusa.com/menu/breakfast-menu/big-breakfast-with-hotcakes/
mcflurry sizes,sweets-mcflurry__overview_general,McFlurry - overview general,Sweets & Treats,McFlurry,product_family,Sweets & Treats,overview,overview_general,,4,1230,0.0,,family_section,Expand the parent category guide with a dedicated family section or create a focused family guide.,https://mcdomenuusa.com/sweets-treats/
spicy snack wrap,wrap-spicy-snack-wrap__overview_general,Spicy Snack Wrap - overview general,Snack Wrap,Spicy Snack Wrap,product_variant,Snack Wrap,overview,overview_general,,1,1200,0.0,,item,Optimize the existing item page and strengthen price/nutrition sections.,https://mcdomenuusa.com/menu/snack-wrap/spicy-snack-wrap/
mcdonalds milk,bev-reduced-sugar-low-fat-chocolate-milk__overview_general,Reduced Sugar Low Fat Chocolate Milk - overview general,Beverages,Reduced Sugar Low Fat Chocolate Milk,product_family,Beverages & Drinks,overview,overview_general,,9,1180,0.0,,family_section,Expand the parent category guide with a dedicated family section or create a focused family guide.,https://mcdomenuusa.com/beverage-menu/
cheeseburger meal,evm-cheeseburger-meal__overview_menu,Cheeseburger Meal - overview menu,Value & Deals,Cheeseburger Meal,product_variant,Extra Value Meals,overview,overview_menu,,11,1160,0.0,,item,Optimize the existing item page and strengthen price/nutrition sections.,https://mcdomenuusa.com/menu/extra-value-meals/cheeseburger-meal/
steak egg and cheese bagel calories,bfast-steak-egg-cheese-bagel__nutrition_macros,"Steak, Egg & Cheese Bagel - nutrition macros",Breakfast,"Steak, Egg & Cheese Bagel",product_variant,Breakfast Menu,nutrition,nutrition_macros,,10,1130,0.0,,item,Optimize the existing item page and strengthen price/nutrition sections.,https://mcdomenuusa.com/menu/breakfast-menu/steak-egg-cheese-bagel/
calories in mcdonald's hamburger,burgers-hamburger__nutrition_macros,Hamburger - nutrition macros,Burgers,Hamburger,product_variant,Burgers Menu,nutrition,nutrition_macros,,11,1120,0.0,,item,Optimize the existing item page and strengthen price/nutrition sections.,https://mcdomenuusa.com/menu/burgers-menu/hamburger/
caramel macchiato mcdonalds,coffee-mccafe-caramel-macchiato__overview_general,McCafe Caramel Macchiato - overview general,McCafe Coffees,McCafe Caramel Macchiato,product_family,McCafe Coffees,overview,overview_general,,13,1110,0.0,,family_section,Expand the parent category guide with a dedicated family section or create a focused family guide.,https://mcdomenuusa.com/mccafe-menu/
mcdouble meal,burgers-mcdouble__overview_menu,McDouble - overview menu,Burgers,McDouble,product_variant,Burgers Menu,overview,overview_menu,,3,1080,0.0,,item,Optimize the existing item page and strengthen price/nutrition sections.,https://mcdomenuusa.com/menu/burgers-menu/mcdouble/
mcchicken meal,chicken-mcchicken__overview_menu,McChicken - overview menu,Chicken & Fish,McChicken,product_variant,Chicken & Fish Menu,overview,overview_menu,,6,1080,0.0,,item,Optimize the existing item page and strengthen price/nutrition sections.,https://mcdomenuusa.com/menu/chicken-fish/mcchicken/
big breakfast with hotcakes price,bfast-big-breakfast-with-hotcakes__price_value,Big Breakfast with Hotcakes - price value,Breakfast,Big Breakfast with Hotcakes,product_variant,Breakfast Menu,commercial,price_value,,15,1060,0.0,,item,Optimize the existing item page and strengthen price/nutrition sections.,https://mcdomenuusa.com/menu/breakfast-menu/big-breakfast-with-hotcakes/
mcdonalds smoothie calories,beverages-smoothie__nutrition_macros,Smoothie - nutrition macros,Beverages,Smoothie,product_family,Beverages & Drinks,nutrition,nutrition_macros,,16,1060,0.0,,family_section,Expand the parent category guide with a dedicated family section or create a focused family guide.,https://mcdomenuusa.com/beverage-menu/
dairy queen kids meal,happy-happy-meal__overview_menu,Happy Meal - overview menu,Happy Meal,Happy Meal,product_family,Happy Meal,overview,overview_menu,,3,1050,0.0,,family_section,Expand the parent category guide with a dedicated family section or create a focused family guide.,https://mcdomenuusa.com/happy-meal-menu/
mcdonald's ranch,sauce-creamy-ranch-sauce__overview_general,Creamy Ranch Sauce - overview general,Sauces & Condiments,Creamy Ranch Sauce,product_variant,Sauces & Condiments,overview,overview_general,,8,1050,0.0,,item,Optimize the existing item page and strengthen price/nutrition sections.,https://mcdomenuusa.com/menu/sauces-condiments/creamy-ranch-sauce/
shamrock shake calories,limited-time-menu__nutrition_macros,Limited Time Menu - nutrition macros,Limited Time,Limited Time Menu,support_page,,nutrition,nutrition_macros,,19,1020,0.0,,support,Optimize the existing guide page and strengthen entity coverage.,https://mcdomenuusa.com/limited-time-menu/
mcdonalds coffee drinks,coffee-premium-roast-coffee__overview_menu,Premium Roast Coffee - overview menu,McCafe Coffees,Premium Roast Coffee,product_variant,McCafe Coffees,overview,overview_menu,,9,1000,0.0,,item,Optimize the existing item page and strengthen price/nutrition sections.,https://mcdomenuusa.com/menu/mccafe-coffees/premium-roast-coffee/
mcdonald's bbq sauce calories,sauce-tangy-barbecue-sauce__nutrition_ingredients,Tangy Barbecue Sauce - nutrition ingredients,Sauces & Condiments,Tangy Barbecue Sauce,product_variant,Sauces & Condiments,nutrition,nutrition_ingredients,,11,970,0.0,,item,Optimize the existing item page and strengthen price/nutrition sections.,https://mcdomenuusa.com/menu/sauces-condiments/tangy-barbecue-sauce/
mcdonald's hotcakes price,bfast-hotcakes__price_value,Hotcakes - price value,Breakfast,Hotcakes,product_variant,Breakfast Menu,commercial,price_value,,30,970,0.0,,item,Optimize the existing item page and strengthen price/nutrition sections.,https://mcdomenuusa.com/menu/breakfast-menu/hotcakes/
mcdonalds frappe calories,coffee-frappe__nutrition_macros,Frappe - nutrition macros,McCafe Coffees,Frappe,product_family,McCafe Coffees,nutrition,nutrition_macros,,19,960,0.0,,family_section,Expand the parent category guide with a dedicated family section or create a focused family guide.,https://mcdomenuusa.com/mccafe-menu/
how much is a mocha frappe at mcdonald's,coffee-mccafe-mocha-frappe-small__price_value,McCafe Mocha Frappe Small - price value,McCafe Coffees,McCafe Mocha Frappe Small,product_variant,McCafe Mocha Frappe,commercial,price_value,,25,960,0.0,,item,Optimize the existing item page and strengthen price/nutrition sections.,https://mcdomenuusa.com/menu/mccafe-coffees/mccafe-mocha-frappe-small/
mcdonald's ranch calories,sauce-creamy-ranch-sauce__nutrition_macros,Creamy Ranch Sauce - nutrition macros,Sauces & Condiments,Creamy Ranch Sauce,product_variant,Sauces & Condiments,nutrition,nutrition_macros,,9,940,0.0,,item,Optimize the existing item page and strengthen price/nutrition sections.,https://mcdomenuusa.com/menu/sauces-condiments/creamy-ranch-sauce/
mcdonald's hot fudge sundae nutrition,sweets-hot-fudge-sundae__nutrition_macros,Hot Fudge Sundae - nutrition macros,Sweets & Treats,Hot Fudge Sundae,product_variant,Sweets & Treats,nutrition,nutrition_macros,,16,940,0.0,,item,Optimize the existing item page and strengthen price/nutrition sections.,https://mcdomenuusa.com/menu/sweets-treats/hot-fudge-sundae/
mccrispy price,chicken-mccrispy__price_value,McCrispy - price value,Chicken & Fish,McCrispy,product_variant,Chicken & Fish Menu,commercial,price_value,,8,920,0.0,,item,Optimize the existing item page and strengthen price/nutrition sections.,https://mcdomenuusa.com/menu/chicken-fish/mccrispy/
20 piece nugget,mcnuggets-strips__overview_general,McNuggets & Strips - overview general,McNuggets & Strips,McNuggets & Strips,menu_guide,,overview,overview_general,,16,920,0.0,,guide,Optimize the existing guide page and strengthen entity coverage.,https://mcdomenuusa.com/nuggets-and-strips/
how much is a large sweet tea at mcdonald's,bev-sweet-tea__price_value,Sweet Tea - price value,Beverages,Sweet Tea,product_family,Beverages & Drinks,commercial,price_value,,20,910,0.0,,family_section,Expand the parent category guide with a dedicated family section or create a focused family guide.,https://mcdomenuusa.com/beverage-menu/
mcdonald's bacon egg and cheese bagel,bfast-bacon-egg-cheese-bagel__overview_general,"Bacon, Egg & Cheese Bagel - overview general",Breakfast,"Bacon, Egg & Cheese Bagel",product_variant,Breakfast Menu,overview,overview_general,,3,860,0.0,,item,Optimize the existing item page and strengthen price/nutrition sections.,https://mcdomenuusa.com/menu/breakfast-menu/bacon-egg-cheese-bagel/
mcdonalds smoothie ingredients,beverages-smoothie__nutrition_ingredients,Smoothie - nutrition ingredients,Beverages,Smoothie,product_family,Beverages & Drinks,nutrition,nutrition_ingredients,,6,810,0.0,,family_section,Expand the parent category guide with a dedicated family section or create a focused family guide.,https://mcdomenuusa.com/beverage-menu/
2 cheeseburger meal price,evm-cheeseburger-meal__price_value,Cheeseburger Meal - price value,Value & Deals,Cheeseburger Meal,product_variant,Extra Value Meals,commercial,price_value,,20,800,0.0,,item,Optimize the existing item page and strengthen price/nutrition sections.,https://mcdomenuusa.com/menu/extra-value-meals/cheeseburger-meal/
strawberry banana smoothie calories,bev-strawberry-banana-smoothie__nutrition_macros,Strawberry Banana Smoothie - nutrition macros,Beverages,Strawberry Banana Smoothie,product_family,Beverages & Drinks,nutrition,nutrition_macros,,9,790,0.0,,family_section,Expand the parent category guide with a dedicated family section or create a focused family guide.,https://mcdomenuusa.com/beverage-menu/
mcdonald's ice cream ingredients,sweets-treats__nutrition_ingredients,Sweets & Treats - nutrition ingredients,Sweets & Treats,Sweets & Treats,menu_guide,,nutrition,nutrition_ingredients,,6,770,0.0,,guide,Optimize the existing guide page and strengthen entity coverage.,https://mcdomenuusa.com/sweets-treats/
sausage mcgriddle price,bfast-sausage-mcgriddles__price_value,Sausage McGriddles - price value,Breakfast,Sausage McGriddles,product_variant,Breakfast Menu,commercial,price_value,,9,750,0.0,,item,Optimize the existing item page and strengthen price/nutrition sections.,https://mcdomenuusa.com/menu/breakfast-menu/sausage-mcgriddles/
how much is a big mac in california,burgers-big-mac__geo_price__california,Big Mac - geo price,Burgers,Big Mac,product_variant,Burgers Menu,geo_pricing,geo_price,California,12,740,0.0,,support,Route this to the geographic pricing hub or create a state/city-specific expansion page.,https://mcdomenuusa.com/mcdonalds-prices-by-state/
mcdonalds apple pie price,sweets-baked-apple-pie__price_value,Baked Apple Pie - price value,Sweets & Treats,Baked Apple Pie,product_variant,Sweets & Treats,commercial,price_value,,25,730,0.0,,item,Optimize the existing item page and strengthen price/nutrition sections.,https://mcdomenuusa.com/menu/sweets-treats/baked-apple-pie/
40 piece chicken mcnuggets,nuggets-40-pc-chicken-mcnuggets__overview_general,40 pc Chicken McNuggets - overview general,McNuggets & Strips,40 pc Chicken McNuggets,product_variant,Chicken McNuggets,overview,overview_general,,16,710,0.0,,item,Optimize the existing item page and strengthen price/nutrition sections.,https://mcdomenuusa.com/menu/mcnuggets-strips/40-pc-chicken-mcnuggets/
mcdonalds latte,coffee-mccafe-latte__overview_general,McCafe Latte - overview general,McCafe Coffees,McCafe Latte,product_family,McCafe Coffees,overview,overview_general,,9,710,0.0,,family_section,Expand the parent category guide with a dedicated family section or create a focused family guide.,https://mcdomenuusa.com/mccafe-menu/
does mcdonald's sweet tea have caffeine,bev-sweet-tea__nutrition_caffeine,Sweet Tea - nutrition caffeine,Beverages,Sweet Tea,product_family,Beverages & Drinks,nutrition,nutrition_caffeine,,10,710,0.0,,family_section,Expand the parent category guide with a dedicated family section or create a focused family guide.,https://mcdomenuusa.com/beverage-menu/
mcdonald's hotcakes and sausage,bfast-hotcakes-sausage__overview_general,Hotcakes and Sausage - overview general,Breakfast,Hotcakes and Sausage,product_variant,Breakfast Menu,overview,overview_general,,4,700,0.0,,item,Optimize the existing item page and strengthen price/nutrition sections.,https://mcdomenuusa.com/menu/breakfast-menu/hotcakes-sausage/
are mcdonald's chicken nuggets gluten free,mcvalue-chicken-mcnuggets__nutrition_allergens,Chicken McNuggets - nutrition allergens,Value & Deals,Chicken McNuggets,product_family,McValue Menu,nutrition,nutrition_allergens,,6,680,0.0,,family_section,Expand the parent category guide with a dedicated family section or create a focused family guide.,https://mcdomenuusa.com/mcdonalds-deals-mcvalue-guide/
mcdonald's spicy chicken sandwich calories,chicken-fish-menu__nutrition_macros,Chicken & Fish Menu - nutrition macros,Chicken & Fish,Chicken & Fish Menu,menu_guide,,nutrition,nutrition_macros,,22,680,0.0,,guide,Optimize the existing guide page and strengthen entity coverage.,https://mcdomenuusa.com/chicken-fish-menu/
mcdonald's usa menu,menu-hub__geo_price__usa,McDonald's Menu - geo price,Brand Core,McDonald's Menu,menu_hub,,geo_pricing,geo_price,Usa,22,660,0.0,,support,Route this to the geographic pricing hub or create a state/city-specific expansion page.,https://mcdomenuusa.com/mcdonalds-prices-by-state/
how much is a mcrib,limited-time-mcrib__price_value,McRib - price value,Limited Time,McRib,product_family,Limited Time Menu,commercial,price_value,,21,650,0.0,,family_section,Expand the parent category guide with a dedicated family section or create a focused family guide.,https://mcdomenuusa.com/limited-time-menu/
mcdonalds apple slices,sides-apple-slices__overview_general,Apple Slices - overview general,Fries & Sides,Apple Slices,product_variant,Fries & Sides,overview,overview_general,,4,620,0.0,,item,Optimize the existing item page and strengthen price/nutrition sections.,https://mcdomenuusa.com/menu/fries-sides/apple-slices/
mcdonald's bacon egg and cheese biscuit,bfast-bacon-egg-cheese-biscuit__overview_general,"Bacon, Egg & Cheese Biscuit - overview general",Breakfast,"Bacon, Egg & Cheese Biscuit",product_variant,Breakfast Menu,overview,overview_general,,6,610,0.0,,item,Optimize the existing item page and strengthen price/nutrition sections.,https://mcdomenuusa.com/menu/breakfast-menu/bacon-egg-cheese-biscuit/
mcdonald's hash brown ingredients,bfast-hash-browns__nutrition_ingredients,Hash Browns - nutrition ingredients,Breakfast,Hash Browns,product_variant,Breakfast Menu,nutrition,nutrition_ingredients,,8,610,0.0,,item,Optimize the existing item page and strengthen price/nutrition sections.,https://mcdomenuusa.com/menu/breakfast-menu/hash-browns/
is the 5 dollar meal at mcdonald's still available,extra-value-meals__availability_status,Extra Value Meals - availability status,Value & Deals,Extra Value Meals,menu_guide,,timing_availability,availability_status,,1,600,0.0,,guide,Optimize the existing guide page and strengthen entity coverage.,https://mcdomenuusa.com/extra-value-meals/
mcdonalds chicken nugget ingredients,nuggets-chicken-mcnuggets__nutrition_ingredients,Chicken McNuggets - nutrition ingredients,McNuggets & Strips,Chicken McNuggets,product_family,McNuggets & Strips,nutrition,nutrition_ingredients,,1,600,0.0,,family_section,Expand the parent category guide with a dedicated family section or create a focused family guide.,https://mcdomenuusa.com/nuggets-and-strips/
honey mustard mcdonald's,sauce-honey__overview_general,Honey - overview general,Sauces & Condiments,Honey,product_variant,Sauces & Condiments,overview,overview_general,,9,600,0.0,,item,Optimize the existing item page and strengthen price/nutrition sections.,https://mcdomenuusa.com/menu/sauces-condiments/honey/
how much is a hot fudge sundae at mcdonald's,sweets-hot-fudge-sundae__price_value,Hot Fudge Sundae - price value,Sweets & Treats,Hot Fudge Sundae,product_variant,Sweets & Treats,commercial,price_value,,11,580,0.0,,item,Optimize the existing item page and strengthen price/nutrition sections.,https://mcdomenuusa.com/menu/sweets-treats/hot-fudge-sundae/
how many calories in mcdonald's sweet and sour sauce,sauce-sweet-n-sour-sauce__nutrition_ingredients,Sweet 'N Sour Sauce - nutrition ingredients,Sauces & Condiments,Sweet 'N Sour Sauce,product_variant,Sauces & Condiments,nutrition,nutrition_ingredients,,15,570,0.0,,item,Optimize the existing item page and strengthen price/nutrition sections.,https://mcdomenuusa.com/menu/sauces-condiments/sweet-n-sour-sauce/
menu mcdonald's burgers,burgers-menu__overview_menu,Burgers Menu - overview menu,Burgers,Burgers Menu,menu_guide,,overview,overview_menu,,2,560,0.0,,guide,Optimize the existing guide page and strengthen entity coverage.,https://mcdomenuusa.com/burgers-menu/
10 piece chicken nuggets,nuggets-10-pc-chicken-mcnuggets__overview_general,10 pc Chicken McNuggets - overview general,McNuggets & Strips,10 pc Chicken McNuggets,product_variant,Chicken McNuggets,overview,overview_general,,10,540,0.0,,item,Optimize the existing item page and strengthen price/nutrition sections.,https://mcdomenuusa.com/menu/mcnuggets-strips/10-pc-chicken-mcnuggets/
daily double meal,burgers-daily-double__overview_menu,Daily Double - overview menu,Burgers,Daily Double,product_variant,Burgers Menu,overview,overview_menu,,2,510,0.0,,item,Optimize the existing item page and strengthen price/nutrition sections.,https://mcdomenuusa.com/menu/burgers-menu/daily-double/
is the chicken big mac still available,burgers-big-mac__availability_status,Big Mac - availability status,Burgers,Big Mac,product_variant,Burgers Menu,timing_availability,availability_status,,3,510,0.0,,item,Optimize the existing item page and strengthen price/nutrition sections.,https://mcdomenuusa.com/menu/burgers-menu/big-mac/
mcvalue menu,mcvalue-menu__overview_menu,McValue Menu - overview menu,Value & Deals,McValue Menu,menu_guide,,overview,overview_menu,,1,500,0.0,,guide,Optimize the existing guide page and strengthen entity coverage.,https://mcdomenuusa.com/mcdonalds-deals-mcvalue-guide/
spicy mccrispy calories,chicken-spicy-mccrispy__nutrition_macros,Spicy McCrispy - nutrition macros,Chicken & Fish,Spicy McCrispy,product_variant,Chicken & Fish Menu,nutrition,nutrition_macros,,1,500,0.0,,item,Optimize the existing item page and strengthen price/nutrition sections.,https://mcdomenuusa.com/menu/chicken-fish/spicy-mccrispy/
mcdonald's hot tea,bev-hot-tea__overview_general,Hot Tea - overview general,Beverages,Hot Tea,product_family,Beverages & Drinks,overview,overview_general,,6,500,0.0,,family_section,Expand the parent category guide with a dedicated family section or create a focused family guide.,https://mcdomenuusa.com/beverage-menu/
sausage mcmuffin with egg price,bfast-sausage-mcmuffin-with-egg__price_value,Sausage McMuffin with Egg - price value,Breakfast,Sausage McMuffin with Egg,product_variant,Breakfast Menu,commercial,price_value,,7,490,0.0,,item,Optimize the existing item page and strengthen price/nutrition sections.,https://mcdomenuusa.com/menu/breakfast-menu/sausage-mcmuffin-with-egg/
ingredients in mcdonald's chicken nuggets,mcvalue-chicken-mcnuggets__nutrition_ingredients,Chicken McNuggets - nutrition ingredients,Value & Deals,Chicken McNuggets,product_family,McValue Menu,nutrition,nutrition_ingredients,,3,480,0.0,,family_section,Expand the parent category guide with a dedicated family section or create a focused family guide.,https://mcdomenuusa.com/mcdonalds-deals-mcvalue-guide/
big breakfast with hotcakes calories,bfast-big-breakfast-with-hotcakes__nutrition_macros,Big Breakfast with Hotcakes - nutrition macros,Breakfast,Big Breakfast with Hotcakes,product_variant,Breakfast Menu,nutrition,nutrition_macros,,3,480,0.0,,item,Optimize the existing item page and strengthen price/nutrition sections.,https://mcdomenuusa.com/menu/breakfast-menu/big-breakfast-with-hotcakes/
how much is a sausage egg and cheese mcgriddle,bfast-sausage-egg-cheese-mcgriddles__price_value,"Sausage, Egg & Cheese McGriddles - price value",Breakfast,"Sausage, Egg & Cheese McGriddles",product_variant,Breakfast Menu,commercial,price_value,,6,480,0.0,,item,Optimize the existing item page and strengthen price/nutrition sections.,https://mcdomenuusa.com/menu/breakfast-menu/sausage-egg-cheese-mcgriddles/
mcdonalds oatmeal price,bfast-fruit-maple-oatmeal__price_value,Fruit & Maple Oatmeal - price value,Breakfast,Fruit & Maple Oatmeal,product_variant,Breakfast Menu,commercial,price_value,,6,480,0.0,,item,Optimize the existing item page and strengthen price/nutrition sections.,https://mcdomenuusa.com/menu/breakfast-menu/fruit-maple-oatmeal/
how much is a bacon egg and cheese mcgriddle,bfast-bacon-egg-cheese-mcgriddles__price_value,"Bacon, Egg & Cheese McGriddles - price value",Breakfast,"Bacon, Egg & Cheese McGriddles",product_variant,Breakfast Menu,commercial,price_value,,6,460,0.0,,item,Optimize the existing item page and strengthen price/nutrition sections.,https://mcdomenuusa.com/menu/breakfast-menu/bacon-egg-cheese-mcgriddles/
mcdonald's menu chicken nuggets,mcvalue-chicken-mcnuggets__overview_menu,Chicken McNuggets - overview menu,Value & Deals,Chicken McNuggets,product_family,McValue Menu,overview,overview_menu,,14,460,0.0,,family_section,Expand the parent category guide with a dedicated family section or create a focused family guide.,https://mcdomenuusa.com/mcdonalds-deals-mcvalue-guide/
quarter pounder ingredients,burgers-quarter-pounder-with-cheese__nutrition_ingredients,Quarter Pounder with Cheese - nutrition ingredients,Burgers,Quarter Pounder with Cheese,product_variant,Burgers Menu,nutrition,nutrition_ingredients,,3,450,0.0,,item,Optimize the existing item page and strengthen price/nutrition sections.,https://mcdomenuusa.com/menu/burgers-menu/quarter-pounder-with-cheese/
quarter pounder burger,burgers-quarter-pounder-with-cheese__overview_menu,Quarter Pounder with Cheese - overview menu,Burgers,Quarter Pounder with Cheese,product_variant,Burgers Menu,overview,overview_menu,,10,450,0.0,,item,Optimize the existing item page and strengthen price/nutrition sections.,https://mcdomenuusa.com/menu/burgers-menu/quarter-pounder-with-cheese/
mcdonald's mcflurry with oreo cookies,mcvalue-mcflurry-with-oreo-cookies__overview_general,McFlurry with OREO Cookies - overview general,Value & Deals,McFlurry with OREO Cookies,product_variant,McValue Menu,overview,overview_general,,3,440,0.0,,item,Optimize the existing item page and strengthen price/nutrition sections.,https://mcdomenuusa.com/menu/mcvalue-menu/mcflurry-with-oreo-cookies/
mcdonald's bacon egg and cheese bagel calories,bfast-bacon-egg-cheese-bagel__nutrition_macros,"Bacon, Egg & Cheese Bagel - nutrition macros",Breakfast,"Bacon, Egg & Cheese Bagel",product_variant,Breakfast Menu,nutrition,nutrition_macros,,5,440,0.0,,item,Optimize the existing item page and strengthen price/nutrition sections.,https://mcdomenuusa.com/menu/breakfast-menu/bacon-egg-cheese-bagel/
mcdonalds chicken nugget meal,nuggets-chicken-mcnuggets__overview_menu,Chicken McNuggets - overview menu,McNuggets & Strips,Chicken McNuggets,product_family,McNuggets & Strips,overview,overview_menu,,18,440,0.0,,family_section,Expand the parent category guide with a dedicated family section or create a focused family guide.,https://mcdomenuusa.com/nuggets-and-strips/
does a caramel frappe have coffee,coffee-mccafe-caramel-frappe-small__overview_menu,McCafe Caramel Frappe Small - overview menu,McCafe Coffees,McCafe Caramel Frappe Small,product_variant,McCafe Caramel Frappe,overview,overview_menu,,7,420,0.0,,item,Optimize the existing item page and strengthen price/nutrition sections.,https://mcdomenuusa.com/menu/mccafe-coffees/mccafe-caramel-frappe-small/
mcdonald's chocolate shake price,sweets-chocolate-shake__price_value,Chocolate Shake - price value,Sweets & Treats,Chocolate Shake,product_family,Sweets & Treats,commercial,price_value,,7,420,0.0,,family_section,Expand the parent category guide with a dedicated family section or create a focused family guide.,https://mcdomenuusa.com/sweets-treats/
double bacon quarter pounder with cheese,burgers-bacon-quarter-pounder-with-cheese__overview_general,Bacon Quarter Pounder with Cheese - overview general,Burgers,Bacon Quarter Pounder with Cheese,product_variant,Burgers Menu,overview,overview_general,,2,400,0.0,,item,Optimize the existing item page and strengthen price/nutrition sections.,https://mcdomenuusa.com/menu/burgers-menu/bacon-quarter-pounder-with-cheese/
mcdonald's honey mustard calories,sauce-honey__nutrition_macros,Honey - nutrition macros,Sauces & Condiments,Honey,product_variant,Sauces & Condiments,nutrition,nutrition_macros,,6,390,0.0,,item,Optimize the existing item page and strengthen price/nutrition sections.,https://mcdomenuusa.com/menu/sauces-condiments/honey/
mcdonald's cappuccino,coffee-mccafe-cappuccino__overview_general,McCafe Cappuccino - overview general,McCafe Coffees,McCafe Cappuccino,product_family,McCafe Coffees,overview,overview_general,,7,390,0.0,,family_section,Expand the parent category guide with a dedicated family section or create a focused family guide.,https://mcdomenuusa.com/mccafe-menu/
mcdonalds smoothie price,beverages-smoothie__price_value,Smoothie - price value,Beverages,Smoothie,product_family,Beverages & Drinks,commercial,price_value,,14,390,0.0,,family_section,Expand the parent category guide with a dedicated family section or create a focused family guide.,https://mcdomenuusa.com/beverage-menu/
egg mcmuffin meal price,evm-egg-mcmuffin-meal__price_value,Egg McMuffin Meal - price value,Value & Deals,Egg McMuffin Meal,product_variant,Extra Value Meals,commercial,price_value,,9,390,0.0,,item,Optimize the existing item page and strengthen price/nutrition sections.,https://mcdomenuusa.com/menu/extra-value-meals/egg-mcmuffin-meal/
mcrib ingredients list,limited-time-mcrib__nutrition_ingredients,McRib - nutrition ingredients,Limited Time,McRib,product_family,Limited Time Menu,nutrition,nutrition_ingredients,,3,380,0.0,,family_section,Expand the parent category guide with a dedicated family section or create a focused family guide.,https://mcdomenuusa.com/limited-time-menu/
calories in a 4 piece mcnugget,nuggets-4-pc-chicken-mcnuggets__nutrition_macros,4 pc Chicken McNuggets - nutrition macros,McNuggets & Strips,4 pc Chicken McNuggets,product_variant,Chicken McNuggets,nutrition,nutrition_macros,,6,380,0.0,,item,Optimize the existing item page and strengthen price/nutrition sections.,https://mcdomenuusa.com/menu/mcnuggets-strips/4-pc-chicken-mcnuggets/
mcdonald's steak bagel price,bfast-bagel__price_value,Bagel - price value,Breakfast,Bagel,product_variant,Breakfast Menu,commercial,price_value,,6,360,0.0,,item,Optimize the existing item page and strengthen price/nutrition sections.,https://mcdomenuusa.com/menu/breakfast-menu/bagel/
egg mcmuffin meal,evm-egg-mcmuffin-meal__overview_menu,Egg McMuffin Meal - overview menu,Value & Deals,Egg McMuffin Meal,product_variant,Extra Value Meals,overview,overview_menu,,4,340,0.0,,item,Optimize the existing item page and strengthen price/nutrition sections.,https://mcdomenuusa.com/menu/extra-value-meals/egg-mcmuffin-meal/
desayunos mcdonald's usa,breakfast-menu__geo_price__usa,Breakfast Menu - geo price,Breakfast,Breakfast Menu,menu_guide,,geo_pricing,geo_price,Usa,4,340,0.0,,support,Route this to the geographic pricing hub or create a state/city-specific expansion page.,https://mcdomenuusa.com/mcdonalds-prices-by-state/
big mac value meal,burgers-big-mac__overview_menu,Big Mac - overview menu,Burgers,Big Mac,product_variant,Burgers Menu,overview,overview_menu,,8,340,0.0,,item,Optimize the existing item page and strengthen price/nutrition sections.,https://mcdomenuusa.com/menu/burgers-menu/big-mac/
mcdonald's steak egg and cheese bagel price,bfast-steak-egg-cheese-bagel__price_value,"Steak, Egg & Cheese Bagel - price value",Breakfast,"Steak, Egg & Cheese Bagel",product_variant,Breakfast Menu,commercial,price_value,,7,330,0.0,,item,Optimize the existing item page and strengthen price/nutrition sections.,https://mcdomenuusa.com/menu/breakfast-menu/steak-egg-cheese-bagel/
mcchicken ingredients,chicken-mcchicken__nutrition_ingredients,McChicken - nutrition ingredients,Chicken & Fish,McChicken,product_variant,Chicken & Fish Menu,nutrition,nutrition_ingredients,,3,320,0.0,,item,Optimize the existing item page and strengthen price/nutrition sections.,https://mcdomenuusa.com/menu/chicken-fish/mcchicken/
mcdonalds frappe ingredients,coffee-frappe__nutrition_ingredients,Frappe - nutrition ingredients,McCafe Coffees,Frappe,product_family,McCafe Coffees,nutrition,nutrition_ingredients,,6,320,0.0,,family_section,Expand the parent category guide with a dedicated family section or create a focused family guide.,https://mcdomenuusa.com/mccafe-menu/
large fry mcdonalds,sides-world-famous-fries-large__overview_general,World Famous Fries Large - overview general,Fries & Sides,World Famous Fries Large,product_variant,World Famous Fries,overview,overview_general,,3,320,0.0,,item,Optimize the existing item page and strengthen price/nutrition sections.,https://mcdomenuusa.com/menu/fries-sides/world-famous-fries-large/
mcgriddle meal,breakfast-mcgriddle__overview_menu,McGriddle - overview menu,Breakfast,McGriddle,product_family,Breakfast Menu,overview,overview_menu,,7,320,0.0,,family_section,Expand the parent category guide with a dedicated family section or create a focused family guide.,https://mcdomenuusa.com/breakfast-menu/
mcdonald's iced caramel coffee,coffee-mccafe-iced-caramel-coffee__overview_menu,McCafe Iced Caramel Coffee - overview menu,McCafe Coffees,McCafe Iced Caramel Coffee,product_family,McCafe Coffees,overview,overview_menu,,5,320,0.0,,family_section,Expand the parent category guide with a dedicated family section or create a focused family guide.,https://mcdomenuusa.com/mccafe-menu/
quarter pounder with cheese meal calories,evm-quarter-pounder-with-cheese-meal__nutrition_macros,Quarter Pounder with Cheese Meal - nutrition macros,Value & Deals,Quarter Pounder with Cheese Meal,product_variant,Extra Value Meals,nutrition,nutrition_macros,,9,310,0.0,,item,Optimize the existing item page and strengthen price/nutrition sections.,https://mcdomenuusa.com/menu/extra-value-meals/quarter-pounder-with-cheese-meal/
does high c have caffeine,menu-hub__nutrition_caffeine,McDonald's Menu - nutrition caffeine,Brand Core,McDonald's Menu,menu_hub,,nutrition,nutrition_caffeine,,8,310,0.0,,hub,Optimize the existing guide page and strengthen entity coverage.,https://mcdomenuusa.com/menu/
medium fries mcdonalds,sides-world-famous-fries-medium__overview_general,World Famous Fries Medium - overview general,Fries & Sides,World Famous Fries Medium,product_variant,World Famous Fries,overview,overview_general,,3,300,0.0,,item,Optimize the existing item page and strengthen price/nutrition sections.,https://mcdomenuusa.com/menu/fries-sides/world-famous-fries-medium/
sausage egg and cheese bagel calories,bfast-sausage-egg-cheese-bagel__nutrition_macros,"Sausage, Egg & Cheese Bagel - nutrition macros",Breakfast,"Sausage, Egg & Cheese Bagel",product_variant,Breakfast Menu,nutrition,nutrition_macros,,2,300,0.0,,item,Optimize the existing item page and strengthen price/nutrition sections.,https://mcdomenuusa.com/menu/breakfast-menu/sausage-egg-cheese-bagel/
mcdonald's hotcakes and sausage calories,bfast-hotcakes-sausage__nutrition_macros,Hotcakes and Sausage - nutrition macros,Breakfast,Hotcakes and Sausage,product_variant,Breakfast Menu,nutrition,nutrition_macros,,5,300,0.0,,item,Optimize the existing item page and strengthen price/nutrition sections.,https://mcdomenuusa.com/menu/breakfast-menu/hotcakes-sausage/
20 piece nugget meal,mcnuggets-strips__overview_menu,McNuggets & Strips - overview menu,McNuggets & Strips,McNuggets & Strips,menu_guide,,overview,overview_menu,,11,300,0.0,,guide,Optimize the existing guide page and strengthen entity coverage.,https://mcdomenuusa.com/nuggets-and-strips/
mcdonald's chocolate chip cookies calories,sweets-chocolate-chip-cookies__nutrition_macros,Chocolate Chip Cookies - nutrition macros,Sweets & Treats,Chocolate Chip Cookies,product_variant,Sweets & Treats,nutrition,nutrition_macros,,4,290,0.0,,item,Optimize the existing item page and strengthen price/nutrition sections.,https://mcdomenuusa.com/menu/sweets-treats/chocolate-chip-cookies/
hamburger happy meal calories,happy-hamburger-happy-meal__nutrition_macros,Hamburger Happy Meal - nutrition macros,Happy Meal,Hamburger Happy Meal,product_variant,Happy Meal,nutrition,nutrition_macros,,3,280,0.0,,item,Optimize the existing item page and strengthen price/nutrition sections.,https://mcdomenuusa.com/menu/happy-meal/hamburger-happy-meal/
mcdonald's steak bagel calories,bfast-bagel__nutrition_macros,Bagel - nutrition macros,Breakfast,Bagel,product_variant,Breakfast Menu,nutrition,nutrition_macros,,5,280,0.0,,item,Optimize the existing item page and strengthen price/nutrition sections.,https://mcdomenuusa.com/menu/breakfast-menu/bagel/
caramel latte mcdonald's,coffee-mccafe-caramel-latte__overview_general,McCafe Caramel Latte - overview general,McCafe Coffees,McCafe Caramel Latte,product_family,McCafe Coffees,overview,overview_general,,4,280,0.0,,family_section,Expand the parent category guide with a dedicated family section or create a focused family guide.,https://mcdomenuusa.com/mccafe-menu/
mccrispy meal,evm-mccrispy-meal__overview_menu,McCrispy Meal - overview menu,Value & Deals,McCrispy Meal,product_variant,Extra Value Meals,overview,overview_menu,,3,270,0.0,,item,Optimize the existing item page and strengthen price/nutrition sections.,https://mcdomenuusa.com/menu/extra-value-meals/mccrispy-meal/
mcdonald's oatmeal ingredients,bfast-fruit-maple-oatmeal__nutrition_ingredients,Fruit & Maple Oatmeal - nutrition ingredients,Breakfast,Fruit & Maple Oatmeal,product_variant,Breakfast Menu,nutrition,nutrition_ingredients,,3,270,0.0,,item,Optimize the existing item page and strengthen price/nutrition sections.,https://mcdomenuusa.com/menu/breakfast-menu/fruit-maple-oatmeal/
does mcdonalds tea have caffeine,beverages-drinks__nutrition_caffeine,Beverages & Drinks - nutrition caffeine,Beverages,Beverages & Drinks,menu_guide,,nutrition,nutrition_caffeine,,11,270,0.0,,guide,Optimize the existing guide page and strengthen entity coverage.,https://mcdomenuusa.com/beverage-menu/
is mcdonald's oatmeal gluten free,bfast-fruit-maple-oatmeal__nutrition_allergens,Fruit & Maple Oatmeal - nutrition allergens,Breakfast,Fruit & Maple Oatmeal,product_variant,Breakfast Menu,nutrition,nutrition_allergens,,3,260,0.0,,item,Optimize the existing item page and strengthen price/nutrition sections.,https://mcdomenuusa.com/menu/breakfast-menu/fruit-maple-oatmeal/
mcdonald's mocha frappe ingredients,coffee-mccafe-mocha-frappe-small__nutrition_ingredients,McCafe Mocha Frappe Small - nutrition ingredients,McCafe Coffees,McCafe Mocha Frappe Small,product_variant,McCafe Mocha Frappe,nutrition,nutrition_ingredients,,5,260,0.0,,item,Optimize the existing item page and strengthen price/nutrition sections.,https://mcdomenuusa.com/menu/mccafe-coffees/mccafe-mocha-frappe-small/
mcdonalds pancakes ingredients,bfast-hotcakes__nutrition_ingredients,Hotcakes - nutrition ingredients,Breakfast,Hotcakes,product_variant,Breakfast Menu,nutrition,nutrition_ingredients,,4,260,0.0,,item,Optimize the existing item page and strengthen price/nutrition sections.,https://mcdomenuusa.com/menu/breakfast-menu/hotcakes/
does mocha frappe have coffee,coffee-mccafe-mocha-frappe-small__overview_menu,McCafe Mocha Frappe Small - overview menu,McCafe Coffees,McCafe Mocha Frappe Small,product_variant,McCafe Mocha Frappe,overview,overview_menu,,7,260,0.0,,item,Optimize the existing item page and strengthen price/nutrition sections.,https://mcdomenuusa.com/menu/mccafe-coffees/mccafe-mocha-frappe-small/
mccafe iced coffee,coffee-mccafe-iced-coffee__overview_menu,McCafe Iced Coffee - overview menu,McCafe Coffees,McCafe Iced Coffee,product_family,McCafe Coffees,overview,overview_menu,,1,250,0.0,,family_section,Expand the parent category guide with a dedicated family section or create a focused family guide.,https://mcdomenuusa.com/mccafe-menu/
mcdonald's sweet tea ingredients,bev-sweet-tea__nutrition_ingredients,Sweet Tea - nutrition ingredients,Beverages,Sweet Tea,product_family,Beverages & Drinks,nutrition,nutrition_ingredients,,3,250,0.0,,family_section,Expand the parent category guide with a dedicated family section or create a focused family guide.,https://mcdomenuusa.com/beverage-menu/
how much is a spicy mccrispy,chicken-spicy-mccrispy__price_value,Spicy McCrispy - price value,Chicken & Fish,Spicy McCrispy,product_variant,Chicken & Fish Menu,commercial,price_value,,2,250,0.0,,item,Optimize the existing item page and strengthen price/nutrition sections.,https://mcdomenuusa.com/menu/chicken-fish/spicy-mccrispy/
small mcdonalds fries calories,fries-sides__nutrition_macros,Fries & Sides - nutrition macros,Fries & Sides,Fries & Sides,menu_guide,,nutrition,nutrition_macros,,4,240,0.0,,guide,Optimize the existing guide page and strengthen entity coverage.,https://mcdomenuusa.com/fries-sides/
mcdonald's hot caramel sundae,sweets-hot-caramel-sundae__overview_general,Hot Caramel Sundae - overview general,Sweets & Treats,Hot Caramel Sundae,product_variant,Sweets & Treats,overview,overview_general,,2,240,0.0,,item,Optimize the existing item page and strengthen price/nutrition sections.,https://mcdomenuusa.com/menu/sweets-treats/hot-caramel-sundae/
mcdonald's ranch sauce calories,sauce-creamy-ranch-sauce__nutrition_ingredients,Creamy Ranch Sauce - nutrition ingredients,Sauces & Condiments,Creamy Ranch Sauce,product_variant,Sauces & Condiments,nutrition,nutrition_ingredients,,3,240,0.0,,item,Optimize the existing item page and strengthen price/nutrition sections.,https://mcdomenuusa.com/menu/sauces-condiments/creamy-ranch-sauce/
calories in ketchup packet,sauce-ketchup-packet__nutrition_macros,Ketchup Packet - nutrition macros,Sauces & Condiments,Ketchup Packet,product_variant,Sauces & Condiments,nutrition,nutrition_macros,,2,240,0.0,,item,Optimize the existing item page and strengthen price/nutrition sections.,https://mcdomenuusa.com/menu/sauces-condiments/ketchup-packet/
hamburger happy meal,happy-hamburger-happy-meal__overview_menu,Hamburger Happy Meal - overview menu,Happy Meal,Hamburger Happy Meal,product_variant,Happy Meal,overview,overview_menu,,2,230,0.0,,item,Optimize the existing item page and strengthen price/nutrition sections.,https://mcdomenuusa.com/menu/happy-meal/hamburger-happy-meal/
20 piece chicken mcnuggets meal,nuggets-20-pc-chicken-mcnuggets__overview_menu,20 pc Chicken McNuggets - overview menu,McNuggets & Strips,20 pc Chicken McNuggets,product_variant,Chicken McNuggets,overview,overview_menu,,3,230,0.0,,item,Optimize the existing item page and strengthen price/nutrition sections.,https://mcdomenuusa.com/menu/mcnuggets-strips/20-pc-chicken-mcnuggets/
mcdonalds slushie price,bev-frozen-fanta-blue-raspberry__price_value,Frozen Fanta Blue Raspberry - price value,Beverages,Frozen Fanta Blue Raspberry,product_family,Beverages & Drinks,commercial,price_value,,7,230,0.0,,family_section,Expand the parent category guide with a dedicated family section or create a focused family guide.,https://mcdomenuusa.com/beverage-menu/
what is in mcdonalds iced coffee,coffee-mccafe-iced-coffee-small__nutrition_ingredients,McCafe Iced Coffee Small - nutrition ingredients,McCafe Coffees,McCafe Iced Coffee Small,product_variant,McCafe Iced Coffee,nutrition,nutrition_ingredients,,4,230,0.0,,item,Optimize the existing item page and strengthen price/nutrition sections.,https://mcdomenuusa.com/menu/mccafe-coffees/mccafe-iced-coffee-small/
mcdonald's caramel frappe ingredients,coffee-mccafe-caramel-frappe-small__nutrition_ingredients,McCafe Caramel Frappe Small - nutrition ingredients,McCafe Coffees,McCafe Caramel Frappe Small,product_variant,McCafe Caramel Frappe,nutrition,nutrition_ingredients,,4,220,0.0,,item,Optimize the existing item page and strengthen price/nutrition sections.,https://mcdomenuusa.com/menu/mccafe-coffees/mccafe-caramel-frappe-small/
how much is a daily double at mcdonald's,burgers-daily-double__price_value,Daily Double - price value,Burgers,Daily Double,product_variant,Burgers Menu,commercial,price_value,,3,220,0.0,,item,Optimize the existing item page and strengthen price/nutrition sections.,https://mcdomenuusa.com/menu/burgers-menu/daily-double/
mcdonalds smoothie menu,beverages-smoothie__overview_menu,Smoothie - overview menu,Beverages,Smoothie,product_family,Beverages & Drinks,overview,overview_menu,,4,220,0.0,,family_section,Expand the parent category guide with a dedicated family section or create a focused family guide.,https://mcdomenuusa.com/beverage-menu/
mcdonald's iced latte,coffee-mccafe-iced-latte__overview_general,McCafe Iced Latte - overview general,McCafe Coffees,McCafe Iced Latte,product_family,McCafe Coffees,overview,overview_general,,6,220,0.0,,family_section,Expand the parent category guide with a dedicated family section or create a focused family guide.,https://mcdomenuusa.com/mccafe-menu/
how much is hotcakes and sausage at mcdonald's,bfast-hotcakes-sausage__price_value,Hotcakes and Sausage - price value,Breakfast,Hotcakes and Sausage,product_variant,Breakfast Menu,commercial,price_value,,6,220,0.0,,item,Optimize the existing item page and strengthen price/nutrition sections.,https://mcdomenuusa.com/menu/breakfast-menu/hotcakes-sausage/
strawberry banana smoothie mcdonald's ingredients,bev-strawberry-banana-smoothie__nutrition_ingredients,Strawberry Banana Smoothie - nutrition ingredients,Beverages,Strawberry Banana Smoothie,product_family,Beverages & Drinks,nutrition,nutrition_ingredients,,5,220,0.0,,family_section,Expand the parent category guide with a dedicated family section or create a focused family guide.,https://mcdomenuusa.com/beverage-menu/
burgers at mcdonald's,burgers-menu__overview_general,Burgers Menu - overview general,Burgers,Burgers Menu,menu_guide,,overview,overview_general,,4,210,0.0,,guide,Optimize the existing guide page and strengthen entity coverage.,https://mcdomenuusa.com/burgers-menu/
how many calories are in mcdonald's french fries,mcvalue-world-famous-fries__nutrition_macros,World Famous Fries - nutrition macros,Value & Deals,World Famous Fries,product_family,McValue Menu,nutrition,nutrition_macros,,3,210,0.0,,family_section,Expand the parent category guide with a dedicated family section or create a focused family guide.,https://mcdomenuusa.com/mcdonalds-deals-mcvalue-guide/
mcdonalds cookies ingredients,sweets-chocolate-chip-cookie__nutrition_ingredients,Chocolate Chip Cookie - nutrition ingredients,Sweets & Treats,Chocolate Chip Cookie,product_variant,Sweets & Treats,nutrition,nutrition_ingredients,,3,210,0.0,,item,Optimize the existing item page and strengthen price/nutrition sections.,https://mcdomenuusa.com/menu/sweets-treats/chocolate-chip-cookie/
big mac price usa,big-mac-price-usa__geo_price__usa,Big Mac Price USA - geo price,Geographic Pricing,Big Mac Price USA,support_page,,geo_pricing,geo_price,Usa,6,210,0.0,,support,Optimize the existing geo-specific pricing page.,https://mcdomenuusa.com/big-mac-price-usa/
mcdonald's vanilla shake price,sweets-vanilla-shake__price_value,Vanilla Shake - price value,Sweets & Treats,Vanilla Shake,product_family,Sweets & Treats,commercial,price_value,,6,210,0.0,,family_section,Expand the parent category guide with a dedicated family section or create a focused family guide.,https://mcdomenuusa.com/sweets-treats/
mcdonald's apple slices calories,sides-apple-slices__nutrition_macros,Apple Slices - nutrition macros,Fries & Sides,Apple Slices,product_variant,Fries & Sides,nutrition,nutrition_macros,,1,200,0.0,,item,Optimize the existing item page and strengthen price/nutrition sections.,https://mcdomenuusa.com/menu/fries-sides/apple-slices/
what is in a happy meal,happy-meal__nutrition_ingredients,Happy Meal - nutrition ingredients,Happy Meal,Happy Meal,menu_guide,,nutrition,nutrition_ingredients,,1,200,0.0,,guide,Optimize the existing guide page and strengthen entity coverage.,https://mcdomenuusa.com/happy-meal-menu/
mcdouble ingredients,burgers-mcdouble__nutrition_ingredients,McDouble - nutrition ingredients,Burgers,McDouble,product_variant,Burgers Menu,nutrition,nutrition_ingredients,,4,200,0.0,,item,Optimize the existing item page and strengthen price/nutrition sections.,https://mcdomenuusa.com/menu/burgers-menu/mcdouble/
oreo mcflurry ingredients,sweets-oreo-mcflurry__nutrition_ingredients,OREO McFlurry - nutrition ingredients,Sweets & Treats,OREO McFlurry,product_variant,Sweets & Treats,nutrition,nutrition_ingredients,,3,200,0.0,,item,Optimize the existing item page and strengthen price/nutrition sections.,https://mcdomenuusa.com/menu/sweets-treats/oreo-mcflurry/
how much is a mc flurry,sweets-derpy-mcflurry__price_value,Derpy McFlurry - price value,Sweets & Treats,Derpy McFlurry,product_variant,Sweets & Treats,commercial,price_value,,4,200,0.0,,item,Optimize the existing item page and strengthen price/nutrition sections.,https://mcdomenuusa.com/menu/sweets-treats/derpy-mcflurry/
mcdonald's sauces list,sauces-condiments__overview_menu,Sauces & Condiments - overview menu,Sauces & Condiments,Sauces & Condiments,menu_guide,,overview,overview_menu,,3,190,0.0,,guide,Optimize the existing guide page and strengthen entity coverage.,https://mcdomenuusa.com/sauces-condiments/
mcdonald's sausage egg and cheese bagel,bfast-sausage-egg-cheese-bagel__overview_general,"Sausage, Egg & Cheese Bagel - overview general",Breakfast,"Sausage, Egg & Cheese Bagel",product_variant,Breakfast Menu,overview,overview_general,,3,190,0.0,,item,Optimize the existing item page and strengthen price/nutrition sections.,https://mcdomenuusa.com/menu/breakfast-menu/sausage-egg-cheese-bagel/
mcdonald's sandwich menu,chicken-fish-menu__overview_menu,Chicken & Fish Menu - overview menu,Chicken & Fish,Chicken & Fish Menu,menu_guide,,overview,overview_menu,,6,190,0.0,,guide,Optimize the existing guide page and strengthen entity coverage.,https://mcdomenuusa.com/chicken-fish-menu/
mcdonald's mcflurry with m&m's candies,mcvalue-mcflurry-with-m-ms-candies__overview_general,McFlurry with M&M'S Candies - overview general,Value & Deals,McFlurry with M&M'S Candies,product_variant,McValue Menu,overview,overview_general,,2,190,0.0,,item,Optimize the existing item page and strengthen price/nutrition sections.,https://mcdomenuusa.com/menu/mcvalue-menu/mcflurry-with-m-ms-candies/
how much is mcdelivery,mcdelivery-guide__service_delivery,McDelivery Guide - service delivery,Customer Journey,McDelivery Guide,service_page,,service_task,service_delivery,,4,190,0.0,,support,Optimize the existing support page.,https://mcdomenuusa.com/mcdelivery-guide/
strawberry banana smoothie mcdonald's price,bev-strawberry-banana-smoothie__price_value,Strawberry Banana Smoothie - price value,Beverages,Strawberry Banana Smoothie,product_family,Beverages & Drinks,commercial,price_value,,7,190,0.0,,family_section,Expand the parent category guide with a dedicated family section or create a focused family guide.,https://mcdomenuusa.com/beverage-menu/
does mcdonald's serve oatmeal all day,bfast-fruit-maple-oatmeal__timing_hours,Fruit & Maple Oatmeal - timing hours,Breakfast,Fruit & Maple Oatmeal,product_variant,Breakfast Menu,timing_availability,timing_hours,,3,180,0.0,,item,Optimize the existing item page and strengthen price/nutrition sections.,https://mcdomenuusa.com/menu/breakfast-menu/fruit-maple-oatmeal/
mcdonalds french fries price,mcvalue-world-famous-fries__price_value,World Famous Fries - price value,Value & Deals,World Famous Fries,product_family,McValue Menu,commercial,price_value,,6,180,0.0,,family_section,Expand the parent category guide with a dedicated family section or create a focused family guide.,https://mcdomenuusa.com/mcdonalds-deals-mcvalue-guide/
mcdonald's hot chocolate price,coffee-mccafe-hot-chocolate__price_value,McCafe Hot Chocolate - price value,McCafe Coffees,McCafe Hot Chocolate,product_family,McCafe Coffees,commercial,price_value,,8,180,0.0,,family_section,Expand the parent category guide with a dedicated family section or create a focused family guide.,https://mcdomenuusa.com/mccafe-menu/
mango pineapple smoothie calories,bev-mango-pineapple-smoothie__nutrition_macros,Mango Pineapple Smoothie - nutrition macros,Beverages,Mango Pineapple Smoothie,product_family,Beverages & Drinks,nutrition,nutrition_macros,,7,180,0.0,,family_section,Expand the parent category guide with a dedicated family section or create a focused family guide.,https://mcdomenuusa.com/beverage-menu/
4 piece chicken mcnuggets price,nuggets-4-pc-chicken-mcnuggets__price_value,4 pc Chicken McNuggets - price value,McNuggets & Strips,4 pc Chicken McNuggets,product_variant,Chicken McNuggets,commercial,price_value,,5,170,0.0,,item,Optimize the existing item page and strengthen price/nutrition sections.,https://mcdomenuusa.com/menu/mcnuggets-strips/4-pc-chicken-mcnuggets/
does mcdonald's serve orange juice all day,bev-minute-maid-premium-orange-juice__timing_hours,Minute Maid Premium Orange Juice - timing hours,Beverages,Minute Maid Premium Orange Juice,product_family,Beverages & Drinks,timing_availability,timing_hours,,5,170,0.0,,family_section,Expand the parent category guide with a dedicated family section or create a focused family guide.,https://mcdomenuusa.com/beverage-menu/
iced caramel latte mcdonald's,coffee-mccafe-iced-caramel-latte__overview_general,McCafe Iced Caramel Latte - overview general,McCafe Coffees,McCafe Iced Caramel Latte,product_family,McCafe Coffees,overview,overview_general,,4,170,0.0,,family_section,Expand the parent category guide with a dedicated family section or create a focused family guide.,https://mcdomenuusa.com/mccafe-menu/
m&m mcflurry price,sweets-m-ms-mcflurry__price_value,M&M'S McFlurry - price value,Sweets & Treats,M&M'S McFlurry,product_variant,Sweets & Treats,commercial,price_value,,4,170,0.0,,item,Optimize the existing item page and strengthen price/nutrition sections.,https://mcdomenuusa.com/menu/sweets-treats/m-ms-mcflurry/
sausage biscuit with egg,bfast-sausage-biscuit-with-egg__overview_general,Sausage Biscuit with Egg - overview general,Breakfast,Sausage Biscuit with Egg,product_variant,Breakfast Menu,overview,overview_general,,2,160,0.0,,item,Optimize the existing item page and strengthen price/nutrition sections.,https://mcdomenuusa.com/menu/breakfast-menu/sausage-biscuit-with-egg/
4 piece chicken mcnuggets,nuggets-4-pc-chicken-mcnuggets__overview_general,4 pc Chicken McNuggets - overview general,McNuggets & Strips,4 pc Chicken McNuggets,product_variant,Chicken McNuggets,overview,overview_general,,4,160,0.0,,item,Optimize the existing item page and strengthen price/nutrition sections.,https://mcdomenuusa.com/menu/mcnuggets-strips/4-pc-chicken-mcnuggets/
mcdonalds cheeseburger ingredients,burgers-cheeseburger__nutrition_ingredients,Cheeseburger - nutrition ingredients,Burgers,Cheeseburger,product_variant,Burgers Menu,nutrition,nutrition_ingredients,,3,160,0.0,,item,Optimize the existing item page and strengthen price/nutrition sections.,https://mcdomenuusa.com/menu/burgers-menu/cheeseburger/
mcdonalds americano,coffee-americano__overview_general,Americano - overview general,McCafe Coffees,Americano,product_family,McCafe Coffees,overview,overview_general,,4,160,0.0,,family_section,Expand the parent category guide with a dedicated family section or create a focused family guide.,https://mcdomenuusa.com/mccafe-menu/
egg mcmuffin meal calories,evm-egg-mcmuffin-meal__nutrition_macros,Egg McMuffin Meal - nutrition macros,Value & Deals,Egg McMuffin Meal,product_variant,Extra Value Meals,nutrition,nutrition_macros,,4,160,0.0,,item,Optimize the existing item page and strengthen price/nutrition sections.,https://mcdomenuusa.com/menu/extra-value-meals/egg-mcmuffin-meal/
daily double calories,burgers-daily-double__nutrition_macros,Daily Double - nutrition macros,Burgers,Daily Double,product_variant,Burgers Menu,nutrition,nutrition_macros,,1,150,0.0,,item,Optimize the existing item page and strengthen price/nutrition sections.,https://mcdomenuusa.com/menu/burgers-menu/daily-double/
mccafe mocha frappe,coffee-mccafe-mocha-frappe__overview_general,McCafe Mocha Frappe - overview general,McCafe Coffees,McCafe Mocha Frappe,product_family,McCafe Coffees,overview,overview_general,,1,150,0.0,,family_section,Expand the parent category guide with a dedicated family section or create a focused family guide.,https://mcdomenuusa.com/mccafe-menu/
iced caramel latte calories,coffee-mccafe-iced-caramel-latte__nutrition_macros,McCafe Iced Caramel Latte - nutrition macros,McCafe Coffees,McCafe Iced Caramel Latte,product_family,McCafe Coffees,nutrition,nutrition_macros,,1,150,0.0,,family_section,Expand the parent category guide with a dedicated family section or create a focused family guide.,https://mcdomenuusa.com/mccafe-menu/
mcdonald's all day menu,menu-hub__timing_hours,McDonald's Menu - timing hours,Brand Core,McDonald's Menu,menu_hub,,timing_availability,timing_hours,,1,150,0.0,,hub,Optimize the existing guide page and strengthen entity coverage.,https://mcdomenuusa.com/menu/
how much is a big mac meal in california,evm-big-mac-meal__geo_price__california,Big Mac Meal - geo price,Value & Deals,Big Mac Meal,product_variant,Extra Value Meals,geo_pricing,geo_price,California,3,150,0.0,,support,Route this to the geographic pricing hub or create a state/city-specific expansion page.,https://mcdomenuusa.com/mcdonalds-prices-by-state/
mcdonald's mango pineapple smoothie ingredients,bev-mango-pineapple-smoothie__nutrition_ingredients,Mango Pineapple Smoothie - nutrition ingredients,Beverages,Mango Pineapple Smoothie,product_family,Beverages & Drinks,nutrition,nutrition_ingredients,,3,150,0.0,,family_section,Expand the parent category guide with a dedicated family section or create a focused family guide.,https://mcdomenuusa.com/beverage-menu/
how much do burgers cost,burgers-menu__price_value,Burgers Menu - price value,Burgers,Burgers Menu,menu_guide,,commercial,price_value,,6,150,0.0,,guide,Optimize the existing guide page and strengthen entity coverage.,https://mcdomenuusa.com/burgers-menu/
how much is a hamburger happy meal,happy-hamburger-happy-meal__price_value,Hamburger Happy Meal - price value,Happy Meal,Hamburger Happy Meal,product_variant,Happy Meal,commercial,price_value,,4,150,0.0,,item,Optimize the existing item page and strengthen price/nutrition sections.,https://mcdomenuusa.com/menu/happy-meal/hamburger-happy-meal/
us mcdonald's menu,menu-hub__geo_price__us,McDonald's Menu - geo price,Brand Core,McDonald's Menu,menu_hub,,geo_pricing,geo_price,Us,5,150,0.0,,support,Route this to the geographic pricing hub or create a state/city-specific expansion page.,https://mcdomenuusa.com/mcdonalds-prices-by-state/
all day breakfast mcdonald's menu,breakfast-hours__timing_hours,Breakfast Hours - timing hours,Breakfast,Breakfast Hours,support_page,,timing_availability,timing_hours,,8,150,0.0,,support,Optimize the existing guide page and strengthen entity coverage.,https://mcdomenuusa.com/breakfast-hours/
filet o fish meal calories,evm-filet-o-fish-meal__nutrition_macros,Filet-O-Fish Meal - nutrition macros,Value & Deals,Filet-O-Fish Meal,product_variant,Extra Value Meals,nutrition,nutrition_macros,,2,140,0.0,,item,Optimize the existing item page and strengthen price/nutrition sections.,https://mcdomenuusa.com/menu/extra-value-meals/filet-o-fish-meal/
deluxe mccrispy price,chicken-deluxe-mccrispy__price_value,Deluxe McCrispy - price value,Chicken & Fish,Deluxe McCrispy,product_variant,Chicken & Fish Menu,commercial,price_value,,2,140,0.0,,item,Optimize the existing item page and strengthen price/nutrition sections.,https://mcdomenuusa.com/menu/chicken-fish/deluxe-mccrispy/
how much caffeine is in a iced caramel macchiato,coffee-mccafe-iced-caramel-macchiato__nutrition_caffeine,McCafe Iced Caramel Macchiato - nutrition caffeine,McCafe Coffees,McCafe Iced Caramel Macchiato,product_family,McCafe Coffees,nutrition,nutrition_caffeine,,5,140,0.0,,family_section,Expand the parent category guide with a dedicated family section or create a focused family guide.,https://mcdomenuusa.com/mccafe-menu/
how much are mcdonald's chocolate chip cookies,sweets-chocolate-chip-cookies__price_value,Chocolate Chip Cookies - price value,Sweets & Treats,Chocolate Chip Cookies,product_variant,Sweets & Treats,commercial,price_value,,5,140,0.0,,item,Optimize the existing item page and strengthen price/nutrition sections.,https://mcdomenuusa.com/menu/sweets-treats/chocolate-chip-cookies/
6 piece happy meal price,happy-6-pc-mcnuggets-happy-meal__price_value,6 pc McNuggets Happy Meal - price value,Happy Meal,6 pc McNuggets Happy Meal,product_variant,Happy Meal,commercial,price_value,,4,140,0.0,,item,Optimize the existing item page and strengthen price/nutrition sections.,https://mcdomenuusa.com/menu/happy-meal/6-pc-mcnuggets-happy-meal/
fish fillet meal,chicken-filet-o-fish__overview_menu,Filet-O-Fish - overview menu,Chicken & Fish,Filet-O-Fish,product_variant,Chicken & Fish Menu,overview,overview_menu,,5,140,0.0,,item,Optimize the existing item page and strengthen price/nutrition sections.,https://mcdomenuusa.com/menu/chicken-fish/filet-o-fish/
mcdonald's unsweet tea,bev-unsweetened-iced-tea__overview_general,Unsweetened Iced Tea - overview general,Beverages,Unsweetened Iced Tea,product_family,Beverages & Drinks,overview,overview_general,,5,140,0.0,,family_section,Expand the parent category guide with a dedicated family section or create a focused family guide.,https://mcdomenuusa.com/beverage-menu/
mcdonalds mocha latte,coffee-mccafe-mocha-latte__overview_general,McCafe Mocha Latte - overview general,McCafe Coffees,McCafe Mocha Latte,product_family,McCafe Coffees,overview,overview_general,,3,130,0.0,,family_section,Expand the parent category guide with a dedicated family section or create a focused family guide.,https://mcdomenuusa.com/mccafe-menu/
happy meal price california,happy-meal__geo_price__california,Happy Meal - geo price,Happy Meal,Happy Meal,menu_guide,,geo_pricing,geo_price,California,4,130,0.0,,support,Route this to the geographic pricing hub or create a state/city-specific expansion page.,https://mcdomenuusa.com/mcdonalds-prices-by-state/
mcdonald's plain hamburger,burgers-hamburger__overview_general,Hamburger - overview general,Burgers,Hamburger,product_variant,Burgers Menu,overview,overview_general,,6,130,0.0,,item,Optimize the existing item page and strengthen price/nutrition sections.,https://mcdomenuusa.com/menu/burgers-menu/hamburger/
mccrispy ingredients,chicken-mccrispy__nutrition_ingredients,McCrispy - nutrition ingredients,Chicken & Fish,McCrispy,product_variant,Chicken & Fish Menu,nutrition,nutrition_ingredients,,2,120,0.0,,item,Optimize the existing item page and strengthen price/nutrition sections.,https://mcdomenuusa.com/menu/chicken-fish/mccrispy/
mcdonald's large iced caramel coffee calories,coffee-mccafe-iced-caramel-coffee__nutrition_macros,McCafe Iced Caramel Coffee - nutrition macros,McCafe Coffees,McCafe Iced Caramel Coffee,product_family,McCafe Coffees,nutrition,nutrition_macros,,3,120,0.0,,family_section,Expand the parent category guide with a dedicated family section or create a focused family guide.,https://mcdomenuusa.com/mccafe-menu/
mcdonald's hot chocolate calories,coffee-mccafe-hot-chocolate__nutrition_macros,McCafe Hot Chocolate - nutrition macros,McCafe Coffees,McCafe Hot Chocolate,product_family,McCafe Coffees,nutrition,nutrition_macros,,3,120,0.0,,family_section,Expand the parent category guide with a dedicated family section or create a focused family guide.,https://mcdomenuusa.com/mccafe-menu/
shamrock shake sizes,limited-time-menu__overview_general,Limited Time Menu - overview general,Limited Time,Limited Time Menu,support_page,,overview,overview_general,,2,120,0.0,,support,Optimize the existing guide page and strengthen entity coverage.,https://mcdomenuusa.com/limited-time-menu/
carbs in mcdonald's oatmeal,bfast-fruit-maple-oatmeal__nutrition_macros,Fruit & Maple Oatmeal - nutrition macros,Breakfast,Fruit & Maple Oatmeal,product_variant,Breakfast Menu,nutrition,nutrition_macros,,4,120,0.0,,item,Optimize the existing item page and strengthen price/nutrition sections.,https://mcdomenuusa.com/menu/breakfast-menu/fruit-maple-oatmeal/
mcdonald's double cheeseburger meal,burgers-double-cheeseburger__overview_menu,Double Cheeseburger - overview menu,Burgers,Double Cheeseburger,product_variant,Burgers Menu,overview,overview_menu,,6,120,0.0,,item,Optimize the existing item page and strengthen price/nutrition sections.,https://mcdomenuusa.com/menu/burgers-menu/double-cheeseburger/
filet o fish meal,evm-filet-o-fish-meal__overview_menu,Filet-O-Fish Meal - overview menu,Value & Deals,Filet-O-Fish Meal,product_variant,Extra Value Meals,overview,overview_menu,,2,110,0.0,,item,Optimize the existing item page and strengthen price/nutrition sections.,https://mcdomenuusa.com/menu/extra-value-meals/filet-o-fish-meal/
mcdonalds hawaii breakfast menu,breakfast-menu__overview_menu__hawaii,Breakfast Menu - overview menu,Breakfast,Breakfast Menu,menu_guide,,overview,overview_menu,Hawaii,2,110,0.0,,guide,Optimize the existing guide page and strengthen entity coverage.,https://mcdomenuusa.com/breakfast-menu/
mustard packet calories,sauce-mustard-packet__nutrition_macros,Mustard Packet - nutrition macros,Sauces & Condiments,Mustard Packet,product_variant,Sauces & Condiments,nutrition,nutrition_macros,,2,110,0.0,,item,Optimize the existing item page and strengthen price/nutrition sections.,https://mcdomenuusa.com/menu/sauces-condiments/mustard-packet/
is mcdonald's sweet and sour sauce gluten free,sauce-sweet-n-sour-sauce__nutrition_allergens,Sweet 'N Sour Sauce - nutrition allergens,Sauces & Condiments,Sweet 'N Sour Sauce,product_variant,Sauces & Condiments,nutrition,nutrition_allergens,,3,110,0.0,,item,Optimize the existing item page and strengthen price/nutrition sections.,https://mcdomenuusa.com/menu/sauces-condiments/sweet-n-sour-sauce/
mcdonalds frappe menu,coffee-frappe__overview_menu,Frappe - overview menu,McCafe Coffees,Frappe,product_family,McCafe Coffees,overview,overview_menu,,3,110,0.0,,family_section,Expand the parent category guide with a dedicated family section or create a focused family guide.,https://mcdomenuusa.com/mccafe-menu/
mcdonald's bacon egg and cheese biscuit price,bfast-bacon-egg-cheese-biscuit__price_value,"Bacon, Egg & Cheese Biscuit - price value",Breakfast,"Bacon, Egg & Cheese Biscuit",product_variant,Breakfast Menu,commercial,price_value,,3,110,0.0,,item,Optimize the existing item page and strengthen price/nutrition sections.,https://mcdomenuusa.com/menu/breakfast-menu/bacon-egg-cheese-biscuit/
quarter pounder deluxe calories,burgers-quarter-pounder-with-cheese-deluxe__nutrition_macros,Quarter Pounder with Cheese Deluxe - nutrition macros,Burgers,Quarter Pounder with Cheese Deluxe,product_variant,Burgers Menu,nutrition,nutrition_macros,,1,100,0.0,,item,Optimize the existing item page and strengthen price/nutrition sections.,https://mcdomenuusa.com/menu/burgers-menu/quarter-pounder-with-cheese-deluxe/
spicy chicken snack wrap,snack-wrap__overview_general,Snack Wrap - overview general,Snack Wrap,Snack Wrap,menu_guide,,overview,overview_general,,1,100,0.0,,guide,Optimize the existing guide page and strengthen entity coverage.,https://mcdomenuusa.com/snack-wrap/
mcflurry menu,sweets-oreo-mcflurry__overview_menu,OREO McFlurry - overview menu,Sweets & Treats,OREO McFlurry,product_variant,Sweets & Treats,overview,overview_menu,,1,100,0.0,,item,Optimize the existing item page and strengthen price/nutrition sections.,https://mcdomenuusa.com/menu/sweets-treats/oreo-mcflurry/
mcdonald's lemonade calories,bev-lemonade__nutrition_macros,Lemonade - nutrition macros,Beverages,Lemonade,product_family,Beverages & Drinks,nutrition,nutrition_macros,,1,100,0.0,,family_section,Expand the parent category guide with a dedicated family section or create a focused family guide.,https://mcdomenuusa.com/beverage-menu/
mcflurry sizes us,sweets-mcflurry__geo_price__us,McFlurry - geo price,Sweets & Treats,McFlurry,product_family,Sweets & Treats,geo_pricing,geo_price,Us,1,100,0.0,,support,Route this to the geographic pricing hub or create a state/city-specific expansion page.,https://mcdomenuusa.com/mcdonalds-prices-by-state/
mcdonald's honey mustard ingredients,sauce-honey__nutrition_ingredients,Honey - nutrition ingredients,Sauces & Condiments,Honey,product_variant,Sauces & Condiments,nutrition,nutrition_ingredients,,2,100,0.0,,item,Optimize the existing item page and strengthen price/nutrition sections.,https://mcdomenuusa.com/menu/sauces-condiments/honey/
mcdonald's black coffee calories,mccafe-coffees__nutrition_macros,McCafe Coffees - nutrition macros,McCafe Coffees,McCafe Coffees,menu_guide,,nutrition,nutrition_macros,,2,100,0.0,,guide,Optimize the existing guide page and strengthen entity coverage.,https://mcdomenuusa.com/mccafe-menu/
mcdouble vs double cheese,burgers-mcdouble__comparison,McDouble - comparison,Burgers,McDouble,product_variant,Burgers Menu,comparison,comparison,,3,100,0.0,,item,Optimize the existing item page and strengthen price/nutrition sections.,https://mcdomenuusa.com/menu/burgers-menu/mcdouble/
hi c ingredients,bev-soft-drink-small__nutrition_ingredients,Soft Drink Small - nutrition ingredients,Beverages,Soft Drink Small,product_variant,Soft Drink,nutrition,nutrition_ingredients,,3,100,0.0,,item,Optimize the existing item page and strengthen price/nutrition sections.,https://mcdomenuusa.com/menu/beverages-drinks/soft-drink-small/
double bacon quarter pounder with cheese calories,burgers-bacon-quarter-pounder-with-cheese__nutrition_macros,Bacon Quarter Pounder with Cheese - nutrition macros,Burgers,Bacon Quarter Pounder with Cheese,product_variant,Burgers Menu,nutrition,nutrition_macros,,2,100,0.0,,item,Optimize the existing item page and strengthen price/nutrition sections.,https://mcdomenuusa.com/menu/burgers-menu/bacon-quarter-pounder-with-cheese/
mcdonald's quarter pounder with cheese meal price,evm-quarter-pounder-with-cheese-meal__price_value,Quarter Pounder with Cheese Meal - price value,Value & Deals,Quarter Pounder with Cheese Meal,product_variant,Extra Value Meals,commercial,price_value,,3,100,0.0,,item,Optimize the existing item page and strengthen price/nutrition sections.,https://mcdomenuusa.com/menu/extra-value-meals/quarter-pounder-with-cheese-meal/
mcdonald's strawberry shake calories,sweets-strawberry-shake__nutrition_macros,Strawberry Shake - nutrition macros,Sweets & Treats,Strawberry Shake,product_family,Sweets & Treats,nutrition,nutrition_macros,,5,100,0.0,,family_section,Expand the parent category guide with a dedicated family section or create a focused family guide.,https://mcdomenuusa.com/sweets-treats/
california mcdonald's prices,menu-hub__geo_price__california,McDonald's Menu - geo price,Brand Core,McDonald's Menu,menu_hub,,geo_pricing,geo_price,California,6,100,0.0,,support,Route this to the geographic pricing hub or create a state/city-specific expansion page.,https://mcdomenuusa.com/mcdonalds-prices-by-state/
mcdonalds mcflurry menu,sweets-mcflurry__overview_menu,McFlurry - overview menu,Sweets & Treats,McFlurry,product_family,Sweets & Treats,overview,overview_menu,,1,90,0.0,,family_section,Expand the parent category guide with a dedicated family section or create a focused family guide.,https://mcdomenuusa.com/sweets-treats/
spicy deluxe mccrispy price,chicken-spicy-deluxe-mccrispy__price_value,Spicy Deluxe McCrispy - price value,Chicken & Fish,Spicy Deluxe McCrispy,product_variant,Chicken & Fish Menu,commercial,price_value,,1,90,0.0,,item,Optimize the existing item page and strengthen price/nutrition sections.,https://mcdomenuusa.com/menu/chicken-fish/spicy-deluxe-mccrispy/
mcdonald's ketchup packet,sauce-ketchup-packet__overview_general,Ketchup Packet - overview general,Sauces & Condiments,Ketchup Packet,product_variant,Sauces & Condiments,overview,overview_general,,1,90,0.0,,item,Optimize the existing item page and strengthen price/nutrition sections.,https://mcdomenuusa.com/menu/sauces-condiments/ketchup-packet/
double quarter pounder meal,burgers-double-quarter-pounder-with-cheese__overview_menu,Double Quarter Pounder with Cheese - overview menu,Burgers,Double Quarter Pounder with Cheese,product_variant,Burgers Menu,overview,overview_menu,,2,90,0.0,,item,Optimize the existing item page and strengthen price/nutrition sections.,https://mcdomenuusa.com/menu/burgers-menu/double-quarter-pounder-with-cheese/
mcdonald's hamburger menu,burgers-hamburger__overview_menu,Hamburger - overview menu,Burgers,Hamburger,product_variant,Burgers Menu,overview,overview_menu,,2,90,0.0,,item,Optimize the existing item page and strengthen price/nutrition sections.,https://mcdomenuusa.com/menu/burgers-menu/hamburger/
mcdonald's hawaii menu prices,menu-hub__geo_price__hawaii,McDonald's Menu - geo price,Brand Core,McDonald's Menu,menu_hub,,geo_pricing,geo_price,Hawaii,3,90,0.0,,support,Route this to the geographic pricing hub or create a state/city-specific expansion page.,https://mcdomenuusa.com/mcdonalds-prices-by-state/
big mac price us,big-mac-price-usa__geo_price__us,Big Mac Price USA - geo price,Geographic Pricing,Big Mac Price USA,support_page,,geo_pricing,geo_price,Us,2,90,0.0,,support,Optimize the existing geo-specific pricing page.,https://mcdomenuusa.com/big-mac-price-usa/
filet o fish meal price,evm-filet-o-fish-meal__price_value,Filet-O-Fish Meal - price value,Value & Deals,Filet-O-Fish Meal,product_variant,Extra Value Meals,commercial,price_value,,4,90,0.0,,item,Optimize the existing item page and strengthen price/nutrition sections.,https://mcdomenuusa.com/menu/extra-value-meals/filet-o-fish-meal/
caramel cappuccino mcdonald's,coffee-mccafe-caramel-cappuccino__overview_general,McCafe Caramel Cappuccino - overview general,McCafe Coffees,McCafe Caramel Cappuccino,product_family,McCafe Coffees,overview,overview_general,,2,90,0.0,,family_section,Expand the parent category guide with a dedicated family section or create a focused family guide.,https://mcdomenuusa.com/mccafe-menu/
mcdonald's sausage biscuit with egg calories,bfast-sausage-biscuit-with-egg__nutrition_macros,Sausage Biscuit with Egg - nutrition macros,Breakfast,Sausage Biscuit with Egg,product_variant,Breakfast Menu,nutrition,nutrition_macros,,2,90,0.0,,item,Optimize the existing item page and strengthen price/nutrition sections.,https://mcdomenuusa.com/menu/breakfast-menu/sausage-biscuit-with-egg/
what is in the big mac bundle box,burgers-big-mac__nutrition_ingredients,Big Mac - nutrition ingredients,Burgers,Big Mac,product_variant,Burgers Menu,nutrition,nutrition_ingredients,,3,90,0.0,,item,Optimize the existing item page and strengthen price/nutrition sections.,https://mcdomenuusa.com/menu/burgers-menu/big-mac/
large mcdonalds coffee caffeine,coffee-premium-roast-coffee__nutrition_caffeine,Premium Roast Coffee - nutrition caffeine,McCafe Coffees,Premium Roast Coffee,product_variant,McCafe Coffees,nutrition,nutrition_caffeine,,2,90,0.0,,item,Optimize the existing item page and strengthen price/nutrition sections.,https://mcdomenuusa.com/menu/mccafe-coffees/premium-roast-coffee/
2 sausage burrito meal,evm-sausage-burrito-meal__overview_menu,Sausage Burrito Meal - overview menu,Value & Deals,Sausage Burrito Meal,product_variant,Extra Value Meals,overview,overview_menu,,3,90,0.0,,item,Optimize the existing item page and strengthen price/nutrition sections.,https://mcdomenuusa.com/menu/extra-value-meals/sausage-burrito-meal/
how much is orange juice at mcdonald's,bev-minute-maid-premium-orange-juice__price_value,Minute Maid Premium Orange Juice - price value,Beverages,Minute Maid Premium Orange Juice,product_family,Beverages & Drinks,commercial,price_value,,3,90,0.0,,family_section,Expand the parent category guide with a dedicated family section or create a focused family guide.,https://mcdomenuusa.com/beverage-menu/
small iced caramel macchiato calories,coffee-mccafe-iced-caramel-macchiato__nutrition_macros,McCafe Iced Caramel Macchiato - nutrition macros,McCafe Coffees,McCafe Iced Caramel Macchiato,product_family,McCafe Coffees,nutrition,nutrition_macros,,4,90,0.0,,family_section,Expand the parent category guide with a dedicated family section or create a focused family guide.,https://mcdomenuusa.com/mccafe-menu/
sausage mcmuffin meal,bfast-sausage-mcmuffin__overview_menu,Sausage McMuffin - overview menu,Breakfast,Sausage McMuffin,product_variant,Breakfast Menu,overview,overview_menu,,1,80,0.0,,item,Optimize the existing item page and strengthen price/nutrition sections.,https://mcdomenuusa.com/menu/breakfast-menu/sausage-mcmuffin/
sausage mcmuffin with egg meal,evm-sausage-mcmuffin-with-egg-meal__overview_menu,Sausage McMuffin with Egg Meal - overview menu,Value & Deals,Sausage McMuffin with Egg Meal,product_variant,Extra Value Meals,overview,overview_menu,,1,80,0.0,,item,Optimize the existing item page and strengthen price/nutrition sections.,https://mcdomenuusa.com/menu/extra-value-meals/sausage-mcmuffin-with-egg-meal/
sausage mcgriddle meal,evm-sausage-mcgriddles-meal__overview_menu,Sausage McGriddles Meal - overview menu,Value & Deals,Sausage McGriddles Meal,product_variant,Extra Value Meals,overview,overview_menu,,1,80,0.0,,item,Optimize the existing item page and strengthen price/nutrition sections.,https://mcdomenuusa.com/menu/extra-value-meals/sausage-mcgriddles-meal/
mcdonald's cheeseburger price usa,burgers-cheeseburger__geo_price__usa,Cheeseburger - geo price,Burgers,Cheeseburger,product_variant,Burgers Menu,geo_pricing,geo_price,Usa,1,80,0.0,,support,Route this to the geographic pricing hub or create a state/city-specific expansion page.,https://mcdomenuusa.com/mcdonalds-prices-by-state/
mcdonald's egg mcmuffin ingredients,bfast-egg-mcmuffin__nutrition_ingredients,Egg McMuffin - nutrition ingredients,Breakfast,Egg McMuffin,product_variant,Breakfast Menu,nutrition,nutrition_ingredients,,2,80,0.0,,item,Optimize the existing item page and strengthen price/nutrition sections.,https://mcdomenuusa.com/menu/breakfast-menu/egg-mcmuffin/
mcdonald's breakfasts,breakfast-hours__overview_general,Breakfast Hours - overview general,Breakfast,Breakfast Hours,support_page,,overview,overview_general,,2,80,0.0,,support,Optimize the existing guide page and strengthen entity coverage.,https://mcdomenuusa.com/breakfast-hours/
calories in a mocha latte,coffee-mccafe-mocha-latte__nutrition_macros,McCafe Mocha Latte - nutrition macros,McCafe Coffees,McCafe Mocha Latte,product_family,McCafe Coffees,nutrition,nutrition_macros,,2,80,0.0,,family_section,Expand the parent category guide with a dedicated family section or create a focused family guide.,https://mcdomenuusa.com/mccafe-menu/
mcdonald's caramel macchiato price,coffee-mccafe-caramel-macchiato__price_value,McCafe Caramel Macchiato - price value,McCafe Coffees,McCafe Caramel Macchiato,product_family,McCafe Coffees,commercial,price_value,,2,80,0.0,,family_section,Expand the parent category guide with a dedicated family section or create a focused family guide.,https://mcdomenuusa.com/mccafe-menu/
mcdonald's hotcakes meal,bfast-hotcakes__overview_menu,Hotcakes - overview menu,Breakfast,Hotcakes,product_variant,Breakfast Menu,overview,overview_menu,,4,80,0.0,,item,Optimize the existing item page and strengthen price/nutrition sections.,https://mcdomenuusa.com/menu/breakfast-menu/hotcakes/
mcdonald's sausage burrito ingredients,bfast-sausage-burrito__nutrition_ingredients,Sausage Burrito - nutrition ingredients,Breakfast,Sausage Burrito,product_variant,Breakfast Menu,nutrition,nutrition_ingredients,,1,70,0.0,,item,Optimize the existing item page and strengthen price/nutrition sections.,https://mcdomenuusa.com/menu/breakfast-menu/sausage-burrito/
double quarter pounder with cheese meal price,evm-double-quarter-pounder-with-cheese-meal__price_value,Double Quarter Pounder with Cheese Meal - price value,Value & Deals,Double Quarter Pounder with Cheese Meal,product_variant,Extra Value Meals,commercial,price_value,,1,70,0.0,,item,Optimize the existing item page and strengthen price/nutrition sections.,https://mcdomenuusa.com/menu/extra-value-meals/double-quarter-pounder-with-cheese-meal/
deluxe mccrispy meal,evm-deluxe-mccrispy-meal__overview_menu,Deluxe McCrispy Meal - overview menu,Value & Deals,Deluxe McCrispy Meal,product_variant,Extra Value Meals,overview,overview_menu,,1,70,0.0,,item,Optimize the existing item page and strengthen price/nutrition sections.,https://mcdomenuusa.com/menu/extra-value-meals/deluxe-mccrispy-meal/
is mcdonald's hot fudge sundae gluten free,sweets-hot-fudge-sundae__nutrition_allergens,Hot Fudge Sundae - nutrition allergens,Sweets & Treats,Hot Fudge Sundae,product_variant,Sweets & Treats,nutrition,nutrition_allergens,,1,70,0.0,,item,Optimize the existing item page and strengthen price/nutrition sections.,https://mcdomenuusa.com/menu/sweets-treats/hot-fudge-sundae/
spicy mccrispy meal,evm-spicy-mccrispy-meal__overview_menu,Spicy McCrispy Meal - overview menu,Value & Deals,Spicy McCrispy Meal,product_variant,Extra Value Meals,overview,overview_menu,,1,70,0.0,,item,Optimize the existing item page and strengthen price/nutrition sections.,https://mcdomenuusa.com/menu/extra-value-meals/spicy-mccrispy-meal/
how much caffeine in mcdonalds iced coffee medium,coffee-mccafe-iced-coffee-medium__nutrition_caffeine,McCafe Iced Coffee Medium - nutrition caffeine,McCafe Coffees,McCafe Iced Coffee Medium,product_variant,McCafe Iced Coffee,nutrition,nutrition_caffeine,,1,70,0.0,,item,Optimize the existing item page and strengthen price/nutrition sections.,https://mcdomenuusa.com/menu/mccafe-coffees/mccafe-iced-coffee-medium/
10 piece chicken mcnuggets meal,nuggets-10-pc-chicken-mcnuggets__overview_menu,10 pc Chicken McNuggets - overview menu,McNuggets & Strips,10 pc Chicken McNuggets,product_variant,Chicken McNuggets,overview,overview_menu,,2,70,0.0,,item,Optimize the existing item page and strengthen price/nutrition sections.,https://mcdomenuusa.com/menu/mcnuggets-strips/10-pc-chicken-mcnuggets/
mcdonald's small chocolate shake calories,sweets-chocolate-shake__nutrition_macros,Chocolate Shake - nutrition macros,Sweets & Treats,Chocolate Shake,product_family,Sweets & Treats,nutrition,nutrition_macros,,3,70,0.0,,family_section,Expand the parent category guide with a dedicated family section or create a focused family guide.,https://mcdomenuusa.com/sweets-treats/
honey mustard sauce mcdonald's,sauce-honey-mustard-sauce__nutrition_ingredients,Honey Mustard Sauce - nutrition ingredients,Sauces & Condiments,Honey Mustard Sauce,product_variant,Sauces & Condiments,nutrition,nutrition_ingredients,,2,70,0.0,,item,Optimize the existing item page and strengthen price/nutrition sections.,https://mcdomenuusa.com/menu/sauces-condiments/honey-mustard-sauce/
40 piece chicken mcnuggets calories,nuggets-40-pc-chicken-mcnuggets__nutrition_macros,40 pc Chicken McNuggets - nutrition macros,McNuggets & Strips,40 pc Chicken McNuggets,product_variant,Chicken McNuggets,nutrition,nutrition_macros,,2,70,0.0,,item,Optimize the existing item page and strengthen price/nutrition sections.,https://mcdomenuusa.com/menu/mcnuggets-strips/40-pc-chicken-mcnuggets/
mcdonald's small coffee caffeine,mccafe-coffees__nutrition_caffeine,McCafe Coffees - nutrition caffeine,McCafe Coffees,McCafe Coffees,menu_guide,,nutrition,nutrition_caffeine,,3,70,0.0,,guide,Optimize the existing guide page and strengthen entity coverage.,https://mcdomenuusa.com/mccafe-menu/
how many calories is medium fries from mcdonald's,sides-world-famous-fries-medium__nutrition_macros,World Famous Fries Medium - nutrition macros,Fries & Sides,World Famous Fries Medium,product_variant,World Famous Fries,nutrition,nutrition_macros,,3,70,0.0,,item,Optimize the existing item page and strengthen price/nutrition sections.,https://mcdomenuusa.com/menu/fries-sides/world-famous-fries-medium/
is mcdonald's caramel sundae gluten free,sweets-treats__nutrition_allergens,Sweets & Treats - nutrition allergens,Sweets & Treats,Sweets & Treats,menu_guide,,nutrition,nutrition_allergens,,3,70,0.0,,guide,Optimize the existing guide page and strengthen entity coverage.,https://mcdomenuusa.com/sweets-treats/
how much is a big mac in new york city,burgers-big-mac__geo_price__new-york,Big Mac - geo price,Burgers,Big Mac,product_variant,Burgers Menu,geo_pricing,geo_price,New York,3,70,0.0,,support,Route this to the geographic pricing hub or create a state/city-specific expansion page.,https://mcdomenuusa.com/mcdonalds-prices-by-state/
are mcdonalds pancakes vegan,bfast-hotcakes__nutrition_allergens,Hotcakes - nutrition allergens,Breakfast,Hotcakes,product_variant,Breakfast Menu,nutrition,nutrition_allergens,,5,70,0.0,,item,Optimize the existing item page and strengthen price/nutrition sections.,https://mcdomenuusa.com/menu/breakfast-menu/hotcakes/
are mcdonalds smoothies gluten free,beverages-smoothie__nutrition_allergens,Smoothie - nutrition allergens,Beverages,Smoothie,product_family,Beverages & Drinks,nutrition,nutrition_allergens,,4,70,0.0,,family_section,Expand the parent category guide with a dedicated family section or create a focused family guide.,https://mcdomenuusa.com/beverage-menu/
mcdonald's orange juice ingredients,bev-minute-maid-premium-orange-juice__nutrition_ingredients,Minute Maid Premium Orange Juice - nutrition ingredients,Beverages,Minute Maid Premium Orange Juice,product_family,Beverages & Drinks,nutrition,nutrition_ingredients,,1,60,0.0,,family_section,Expand the parent category guide with a dedicated family section or create a focused family guide.,https://mcdomenuusa.com/beverage-menu/
double quarter pounder with cheese meal calories,evm-double-quarter-pounder-with-cheese-meal__nutrition_macros,Double Quarter Pounder with Cheese Meal - nutrition macros,Value & Deals,Double Quarter Pounder with Cheese Meal,product_variant,Extra Value Meals,nutrition,nutrition_macros,,1,60,0.0,,item,Optimize the existing item page and strengthen price/nutrition sections.,https://mcdomenuusa.com/menu/extra-value-meals/double-quarter-pounder-with-cheese-meal/
mcdonald's caramel macchiato calories,coffee-mccafe-caramel-macchiato__nutrition_macros,McCafe Caramel Macchiato - nutrition macros,McCafe Coffees,McCafe Caramel Macchiato,product_family,McCafe Coffees,nutrition,nutrition_macros,,1,60,0.0,,family_section,Expand the parent category guide with a dedicated family section or create a focused family guide.,https://mcdomenuusa.com/mccafe-menu/
spicy deluxe mccrispy,chicken-spicy-deluxe-mccrispy__overview_general,Spicy Deluxe McCrispy - overview general,Chicken & Fish,Spicy Deluxe McCrispy,product_variant,Chicken & Fish Menu,overview,overview_general,,1,60,0.0,,item,Optimize the existing item page and strengthen price/nutrition sections.,https://mcdomenuusa.com/menu/chicken-fish/spicy-deluxe-mccrispy/
mcdonald's orange juice nutrition,bev-minute-maid-premium-orange-juice__nutrition_macros,Minute Maid Premium Orange Juice - nutrition macros,Beverages,Minute Maid Premium Orange Juice,product_family,Beverages & Drinks,nutrition,nutrition_macros,,1,60,0.0,,family_section,Expand the parent category guide with a dedicated family section or create a focused family guide.,https://mcdomenuusa.com/beverage-menu/
mcdonald's double cheeseburger ingredients,burgers-double-cheeseburger__nutrition_ingredients,Double Cheeseburger - nutrition ingredients,Burgers,Double Cheeseburger,product_variant,Burgers Menu,nutrition,nutrition_ingredients,,1,60,0.0,,item,Optimize the existing item page and strengthen price/nutrition sections.,https://mcdomenuusa.com/menu/burgers-menu/double-cheeseburger/
how much is a big mac in hawaii,burgers-big-mac__geo_price__hawaii,Big Mac - geo price,Burgers,Big Mac,product_variant,Burgers Menu,geo_pricing,geo_price,Hawaii,1,60,0.0,,support,Route this to the geographic pricing hub or create a state/city-specific expansion page.,https://mcdomenuusa.com/mcdonalds-prices-by-state/
does mcdonald's hot chocolate have caffeine,coffee-mccafe-hot-chocolate__nutrition_caffeine,McCafe Hot Chocolate - nutrition caffeine,McCafe Coffees,McCafe Hot Chocolate,product_family,McCafe Coffees,nutrition,nutrition_caffeine,,1,60,0.0,,family_section,Expand the parent category guide with a dedicated family section or create a focused family guide.,https://mcdomenuusa.com/mccafe-menu/
shamrock shake mcdonald's ingredients,nutrition-guide__nutrition_ingredients,"Nutrition, Calories & Allergens - nutrition ingredients",Nutrition,"Nutrition, Calories & Allergens",support_page,,nutrition,nutrition_ingredients,,2,60,0.0,,support,Optimize the existing guide page and strengthen entity coverage.,https://mcdomenuusa.com/mcdonalds-nutrition-calories-allergens/
mcdonald's new york menu,menu-hub__geo_price__new-york,McDonald's Menu - geo price,Brand Core,McDonald's Menu,menu_hub,,geo_pricing,geo_price,New York,2,60,0.0,,support,Route this to the geographic pricing hub or create a state/city-specific expansion page.,https://mcdomenuusa.com/mcdonalds-prices-by-state/
mcdonald's bacon egg and cheese bagel price,bfast-bacon-egg-cheese-bagel__price_value,"Bacon, Egg & Cheese Bagel - price value",Breakfast,"Bacon, Egg & Cheese Bagel",product_variant,Breakfast Menu,commercial,price_value,,2,60,0.0,,item,Optimize the existing item page and strengthen price/nutrition sections.,https://mcdomenuusa.com/menu/breakfast-menu/bacon-egg-cheese-bagel/
mcdonald's egg and cheese bagel calories,bfast-egg-cheese-bagel__nutrition_macros,Egg and Cheese Bagel - nutrition macros,Breakfast,Egg and Cheese Bagel,product_variant,Breakfast Menu,nutrition,nutrition_macros,,2,60,0.0,,item,Optimize the existing item page and strengthen price/nutrition sections.,https://mcdomenuusa.com/menu/breakfast-menu/egg-cheese-bagel/
mcdonalds latte caffeine,coffee-mccafe-latte__nutrition_caffeine,McCafe Latte - nutrition caffeine,McCafe Coffees,McCafe Latte,product_family,McCafe Coffees,nutrition,nutrition_caffeine,,3,60,0.0,,family_section,Expand the parent category guide with a dedicated family section or create a focused family guide.,https://mcdomenuusa.com/mccafe-menu/
sausage mcmuffin ingredients,bfast-sausage-mcmuffin__nutrition_ingredients,Sausage McMuffin - nutrition ingredients,Breakfast,Sausage McMuffin,product_variant,Breakfast Menu,nutrition,nutrition_ingredients,,2,60,0.0,,item,Optimize the existing item page and strengthen price/nutrition sections.,https://mcdomenuusa.com/menu/breakfast-menu/sausage-mcmuffin/
mcdonald's caramel macchiato caffeine,coffee-mccafe-caramel-macchiato__nutrition_caffeine,McCafe Caramel Macchiato - nutrition caffeine,McCafe Coffees,McCafe Caramel Macchiato,product_family,McCafe Coffees,nutrition,nutrition_caffeine,,3,60,0.0,,family_section,Expand the parent category guide with a dedicated family section or create a focused family guide.,https://mcdomenuusa.com/mccafe-menu/
mcdonald's chocolate chip cookies ingredients,sweets-chocolate-chip-cookies__nutrition_ingredients,Chocolate Chip Cookies - nutrition ingredients,Sweets & Treats,Chocolate Chip Cookies,product_variant,Sweets & Treats,nutrition,nutrition_ingredients,,1,50,0.0,,item,Optimize the existing item page and strengthen price/nutrition sections.,https://mcdomenuusa.com/menu/sweets-treats/chocolate-chip-cookies/
double quarter pounder with cheese meal,evm-double-quarter-pounder-with-cheese-meal__overview_menu,Double Quarter Pounder with Cheese Meal - overview menu,Value & Deals,Double Quarter Pounder with Cheese Meal,product_variant,Extra Value Meals,overview,overview_menu,,1,50,0.0,,item,Optimize the existing item page and strengthen price/nutrition sections.,https://mcdomenuusa.com/menu/extra-value-meals/double-quarter-pounder-with-cheese-meal/
mcdonalds burger and fries,sides-world-famous-fries-small__overview_menu,World Famous Fries Small - overview menu,Fries & Sides,World Famous Fries Small,product_variant,World Famous Fries,overview,overview_menu,,1,50,0.0,,item,Optimize the existing item page and strengthen price/nutrition sections.,https://mcdomenuusa.com/menu/fries-sides/world-famous-fries-small/
does mcdonalds sell iced coffee all day,coffee-mccafe-iced-coffee-small__timing_hours,McCafe Iced Coffee Small - timing hours,McCafe Coffees,McCafe Iced Coffee Small,product_variant,McCafe Iced Coffee,timing_availability,timing_hours,,1,50,0.0,,item,Optimize the existing item page and strengthen price/nutrition sections.,https://mcdomenuusa.com/menu/mccafe-coffees/mccafe-iced-coffee-small/
mcdonald's hot chocolate ingredients,coffee-mccafe-hot-chocolate__nutrition_ingredients,McCafe Hot Chocolate - nutrition ingredients,McCafe Coffees,McCafe Hot Chocolate,product_family,McCafe Coffees,nutrition,nutrition_ingredients,,1,50,0.0,,family_section,Expand the parent category guide with a dedicated family section or create a focused family guide.,https://mcdomenuusa.com/mccafe-menu/
mcdonald's latte price,coffee-mccafe-latte__price_value,McCafe Latte - price value,McCafe Coffees,McCafe Latte,product_family,McCafe Coffees,commercial,price_value,,1,50,0.0,,family_section,Expand the parent category guide with a dedicated family section or create a focused family guide.,https://mcdomenuusa.com/mccafe-menu/
mccrispy meal price,evm-mccrispy-meal__price_value,McCrispy Meal - price value,Value & Deals,McCrispy Meal,product_variant,Extra Value Meals,commercial,price_value,,1,50,0.0,,item,Optimize the existing item page and strengthen price/nutrition sections.,https://mcdomenuusa.com/menu/extra-value-meals/mccrispy-meal/
dollar menus near me,deals-mcvalue-guide__overview_general,Deals & McValue Guide - overview general,Value & Deals,Deals & McValue Guide,support_page,,overview,overview_general,,2,50,0.0,,support,Optimize the existing guide page and strengthen entity coverage.,https://mcdomenuusa.com/mcdonalds-deals-mcvalue-guide/
mcdonald's breakfast hash brown,bfast-hash-browns__overview_menu,Hash Browns - overview menu,Breakfast,Hash Browns,product_variant,Breakfast Menu,overview,overview_menu,,2,50,0.0,,item,Optimize the existing item page and strengthen price/nutrition sections.,https://mcdomenuusa.com/menu/breakfast-menu/hash-browns/
iced mocha latte mcdonald's,coffee-mccafe-iced-mocha-latte__overview_general,McCafe Iced Mocha Latte - overview general,McCafe Coffees,McCafe Iced Mocha Latte,product_family,McCafe Coffees,overview,overview_general,,2,50,0.0,,family_section,Expand the parent category guide with a dedicated family section or create a focused family guide.,https://mcdomenuusa.com/mccafe-menu/
6 piece happy meal calories,happy-6-pc-mcnuggets-happy-meal__nutrition_macros,6 pc McNuggets Happy Meal - nutrition macros,Happy Meal,6 pc McNuggets Happy Meal,product_variant,Happy Meal,nutrition,nutrition_macros,,2,50,0.0,,item,Optimize the existing item page and strengthen price/nutrition sections.,https://mcdomenuusa.com/menu/happy-meal/6-pc-mcnuggets-happy-meal/
mcdonald's cookie price,sweets-cookies__price_value,Cookies - price value,Sweets & Treats,Cookies,product_family,Sweets & Treats,commercial,price_value,,3,50,0.0,,family_section,Expand the parent category guide with a dedicated family section or create a focused family guide.,https://mcdomenuusa.com/sweets-treats/
is sweet tea vegan,bev-sweet-tea__nutrition_allergens,Sweet Tea - nutrition allergens,Beverages,Sweet Tea,product_family,Beverages & Drinks,nutrition,nutrition_allergens,,2,50,0.0,,family_section,Expand the parent category guide with a dedicated family section or create a focused family guide.,https://mcdomenuusa.com/beverage-menu/
mcdonald's florida menu,menu-hub__geo_price__florida,McDonald's Menu - geo price,Brand Core,McDonald's Menu,menu_hub,,geo_pricing,geo_price,Florida,2,50,0.0,,support,Route this to the geographic pricing hub or create a state/city-specific expansion page.,https://mcdomenuusa.com/mcdonalds-prices-by-state/
mcdonald's 2 cheeseburger meal calories,evm-cheeseburger-meal__nutrition_macros,Cheeseburger Meal - nutrition macros,Value & Deals,Cheeseburger Meal,product_variant,Extra Value Meals,nutrition,nutrition_macros,,2,50,0.0,,item,Optimize the existing item page and strengthen price/nutrition sections.,https://mcdomenuusa.com/menu/extra-value-meals/cheeseburger-meal/
sausage egg and cheese mcgriddle meal price,evm-sausage-egg-cheese-mcgriddles-meal__price_value,"Sausage, Egg & Cheese McGriddles Meal - price value",Value & Deals,"Sausage, Egg & Cheese McGriddles Meal",product_variant,Extra Value Meals,commercial,price_value,,2,50,0.0,,item,Optimize the existing item page and strengthen price/nutrition sections.,https://mcdomenuusa.com/menu/extra-value-meals/sausage-egg-cheese-mcgriddles-meal/
sausage mcgriddle meal price,evm-sausage-mcgriddles-meal__price_value,Sausage McGriddles Meal - price value,Value & Deals,Sausage McGriddles Meal,product_variant,Extra Value Meals,commercial,price_value,,2,50,0.0,,item,Optimize the existing item page and strengthen price/nutrition sections.,https://mcdomenuusa.com/menu/extra-value-meals/sausage-mcgriddles-meal/
6 piece chicken mcnuggets meal,nuggets-6-pc-chicken-mcnuggets__overview_menu,6 pc Chicken McNuggets - overview menu,McNuggets & Strips,6 pc Chicken McNuggets,product_variant,Chicken McNuggets,overview,overview_menu,,4,50,0.0,,item,Optimize the existing item page and strengthen price/nutrition sections.,https://mcdomenuusa.com/menu/mcnuggets-strips/6-pc-chicken-mcnuggets/
is mcdonald's ketchup gluten free,menu-hub__nutrition_allergens,McDonald's Menu - nutrition allergens,Brand Core,McDonald's Menu,menu_hub,,nutrition,nutrition_allergens,,3,50,0.0,,hub,Optimize the existing guide page and strengthen entity coverage.,https://mcdomenuusa.com/menu/
iced french vanilla coffee mcdonald's,coffee-mccafe-iced-french-vanilla-coffee__overview_menu,McCafe Iced French Vanilla Coffee - overview menu,McCafe Coffees,McCafe Iced French Vanilla Coffee,product_family,McCafe Coffees,overview,overview_menu,,1,40,0.0,,family_section,Expand the parent category guide with a dedicated family section or create a focused family guide.,https://mcdomenuusa.com/mccafe-menu/
is mcdonald's honey mustard gluten free,sauce-honey__nutrition_allergens,Honey - nutrition allergens,Sauces & Condiments,Honey,product_variant,Sauces & Condiments,nutrition,nutrition_allergens,,1,40,0.0,,item,Optimize the existing item page and strengthen price/nutrition sections.,https://mcdomenuusa.com/menu/sauces-condiments/honey/
mcgriddles ingredients,breakfast-mcgriddle__nutrition_ingredients,McGriddle - nutrition ingredients,Breakfast,McGriddle,product_family,Breakfast Menu,nutrition,nutrition_ingredients,,1,40,0.0,,family_section,Expand the parent category guide with a dedicated family section or create a focused family guide.,https://mcdomenuusa.com/breakfast-menu/
mcdonald's sweet tea large calories,bev-sweet-tea-large__nutrition_macros,Sweet Tea Large - nutrition macros,Beverages,Sweet Tea Large,product_variant,Sweet Tea,nutrition,nutrition_macros,,1,40,0.0,,item,Optimize the existing item page and strengthen price/nutrition sections.,https://mcdomenuusa.com/menu/beverages-drinks/sweet-tea-large/
snack wrap mcdonalds price,snack-wrap__price_value,Snack Wrap - price value,Snack Wrap,Snack Wrap,menu_guide,,commercial,price_value,,1,40,0.0,,guide,Optimize the existing guide page and strengthen entity coverage.,https://mcdomenuusa.com/snack-wrap/
how much caffeine in mcdonalds iced coffee large,coffee-mccafe-iced-coffee-large__nutrition_caffeine,McCafe Iced Coffee Large - nutrition caffeine,McCafe Coffees,McCafe Iced Coffee Large,product_variant,McCafe Iced Coffee,nutrition,nutrition_caffeine,,1,40,0.0,,item,Optimize the existing item page and strengthen price/nutrition sections.,https://mcdomenuusa.com/menu/mccafe-coffees/mccafe-iced-coffee-large/
mcchicken precio usa,chicken-mcchicken__geo_price__usa,McChicken - geo price,Chicken & Fish,McChicken,product_variant,Chicken & Fish Menu,geo_pricing,geo_price,Usa,1,40,0.0,,support,Route this to the geographic pricing hub or create a state/city-specific expansion page.,https://mcdomenuusa.com/mcdonalds-prices-by-state/
mccafe caramel frappe,coffee-mccafe-caramel-frappe__overview_general,McCafe Caramel Frappe - overview general,McCafe Coffees,McCafe Caramel Frappe,product_family,McCafe Coffees,overview,overview_general,,1,40,0.0,,family_section,Expand the parent category guide with a dedicated family section or create a focused family guide.,https://mcdomenuusa.com/mccafe-menu/
mcdonald's mustard packet,sauce-mustard-packet__overview_general,Mustard Packet - overview general,Sauces & Condiments,Mustard Packet,product_variant,Sauces & Condiments,overview,overview_general,,1,40,0.0,,item,Optimize the existing item page and strengthen price/nutrition sections.,https://mcdomenuusa.com/menu/sauces-condiments/mustard-packet/
sausage mcgriddle ingredients,bfast-sausage-mcgriddles__nutrition_ingredients,Sausage McGriddles - nutrition ingredients,Breakfast,Sausage McGriddles,product_variant,Breakfast Menu,nutrition,nutrition_ingredients,,1,40,0.0,,item,Optimize the existing item page and strengthen price/nutrition sections.,https://mcdomenuusa.com/menu/breakfast-menu/sausage-mcgriddles/
iced mocha latte calories,coffee-mccafe-iced-mocha-latte__nutrition_macros,McCafe Iced Mocha Latte - nutrition macros,McCafe Coffees,McCafe Iced Mocha Latte,product_family,McCafe Coffees,nutrition,nutrition_macros,,1,40,0.0,,family_section,Expand the parent category guide with a dedicated family section or create a focused family guide.,https://mcdomenuusa.com/mccafe-menu/
is mcdonald's hot chocolate gluten free,coffee-mccafe-hot-chocolate__nutrition_allergens,McCafe Hot Chocolate - nutrition allergens,McCafe Coffees,McCafe Hot Chocolate,product_family,McCafe Coffees,nutrition,nutrition_allergens,,1,40,0.0,,family_section,Expand the parent category guide with a dedicated family section or create a focused family guide.,https://mcdomenuusa.com/mccafe-menu/
mcdonald's hot fudge sundae ingredients,sweets-hot-fudge-sundae__nutrition_ingredients,Hot Fudge Sundae - nutrition ingredients,Sweets & Treats,Hot Fudge Sundae,product_variant,Sweets & Treats,nutrition,nutrition_ingredients,,1,40,0.0,,item,Optimize the existing item page and strengthen price/nutrition sections.,https://mcdomenuusa.com/menu/sweets-treats/hot-fudge-sundae/
mcdonald's lemonade price,bev-lemonade__price_value,Lemonade - price value,Beverages,Lemonade,product_family,Beverages & Drinks,commercial,price_value,,1,40,0.0,,family_section,Expand the parent category guide with a dedicated family section or create a focused family guide.,https://mcdomenuusa.com/beverage-menu/
is mcdonald's ranch gluten free,sauce-creamy-ranch-sauce__nutrition_allergens,Creamy Ranch Sauce - nutrition allergens,Sauces & Condiments,Creamy Ranch Sauce,product_variant,Sauces & Condiments,nutrition,nutrition_allergens,,1,40,0.0,,item,Optimize the existing item page and strengthen price/nutrition sections.,https://mcdomenuusa.com/menu/sauces-condiments/creamy-ranch-sauce/
quarter pounder deluxe price,burgers-quarter-pounder-with-cheese-deluxe__price_value,Quarter Pounder with Cheese Deluxe - price value,Burgers,Quarter Pounder with Cheese Deluxe,product_variant,Burgers Menu,commercial,price_value,,1,40,0.0,,item,Optimize the existing item page and strengthen price/nutrition sections.,https://mcdomenuusa.com/menu/burgers-menu/quarter-pounder-with-cheese-deluxe/
mcdonald's egg and cheese bagel,bfast-egg-cheese-bagel__overview_general,Egg and Cheese Bagel - overview general,Breakfast,Egg and Cheese Bagel,product_variant,Breakfast Menu,overview,overview_general,,1,40,0.0,,item,Optimize the existing item page and strengthen price/nutrition sections.,https://mcdomenuusa.com/menu/breakfast-menu/egg-cheese-bagel/
are mcdonalds nuggets gluten free,nuggets-6-pc-chicken-mcnuggets__nutrition_allergens,6 pc Chicken McNuggets - nutrition allergens,McNuggets & Strips,6 pc Chicken McNuggets,product_variant,Chicken McNuggets,nutrition,nutrition_allergens,,1,40,0.0,,item,Optimize the existing item page and strengthen price/nutrition sections.,https://mcdomenuusa.com/menu/mcnuggets-strips/6-pc-chicken-mcnuggets/
sausage burrito meal price,evm-sausage-burrito-meal__price_value,Sausage Burrito Meal - price value,Value & Deals,Sausage Burrito Meal,product_variant,Extra Value Meals,commercial,price_value,,1,40,0.0,,item,Optimize the existing item page and strengthen price/nutrition sections.,https://mcdomenuusa.com/menu/extra-value-meals/sausage-burrito-meal/
chicken mcnuggets meal,evm-chicken-mcnuggets-meal__overview_menu,Chicken McNuggets Meal - overview menu,Value & Deals,Chicken McNuggets Meal,product_family,Extra Value Meals,overview,overview_menu,,1,40,0.0,,family_section,Expand the parent category guide with a dedicated family section or create a focused family guide.,https://mcdomenuusa.com/extra-value-meals/
quarter pounder with cheese meal,evm-quarter-pounder-with-cheese-meal__overview_menu,Quarter Pounder with Cheese Meal - overview menu,Value & Deals,Quarter Pounder with Cheese Meal,product_variant,Extra Value Meals,overview,overview_menu,,2,40,0.0,,item,Optimize the existing item page and strengthen price/nutrition sections.,https://mcdomenuusa.com/menu/extra-value-meals/quarter-pounder-with-cheese-meal/
mcdonald's us breakfast menu,breakfast-menu__geo_price__us,Breakfast Menu - geo price,Breakfast,Breakfast Menu,menu_guide,,geo_pricing,geo_price,Us,2,40,0.0,,support,Route this to the geographic pricing hub or create a state/city-specific expansion page.,https://mcdomenuusa.com/mcdonalds-prices-by-state/
bacon quarter pounder with cheese price,burgers-bacon-quarter-pounder-with-cheese__price_value,Bacon Quarter Pounder with Cheese - price value,Burgers,Bacon Quarter Pounder with Cheese,product_variant,Burgers Menu,commercial,price_value,,2,40,0.0,,item,Optimize the existing item page and strengthen price/nutrition sections.,https://mcdomenuusa.com/menu/burgers-menu/bacon-quarter-pounder-with-cheese/
mc flurry oreo,sweets-derpy-mcflurry__overview_general,Derpy McFlurry - overview general,Sweets & Treats,Derpy McFlurry,product_variant,Sweets & Treats,overview,overview_general,,3,40,0.0,,item,Optimize the existing item page and strengthen price/nutrition sections.,https://mcdomenuusa.com/menu/sweets-treats/derpy-mcflurry/
mcdonald's soft drink prices,bev-soft-drink__price_value,Soft Drink - price value,Beverages,Soft Drink,product_family,Beverages & Drinks,commercial,price_value,,4,40,0.0,,family_section,Expand the parent category guide with a dedicated family section or create a focused family guide.,https://mcdomenuusa.com/beverage-menu/
mcdonald's iced latte caffeine,coffee-mccafe-iced-latte__nutrition_caffeine,McCafe Iced Latte - nutrition caffeine,McCafe Coffees,McCafe Iced Latte,product_family,McCafe Coffees,nutrition,nutrition_caffeine,,1,30,0.0,,family_section,Expand the parent category guide with a dedicated family section or create a focused family guide.,https://mcdomenuusa.com/mccafe-menu/
mcdonalds sauces calories,sauces-condiments__nutrition_macros,Sauces & Condiments - nutrition macros,Sauces & Condiments,Sauces & Condiments,menu_guide,,nutrition,nutrition_macros,,1,30,0.0,,guide,Optimize the existing guide page and strengthen entity coverage.,https://mcdomenuusa.com/sauces-condiments/
mc flurry calories,sweets-derpy-mcflurry__nutrition_macros,Derpy McFlurry - nutrition macros,Sweets & Treats,Derpy McFlurry,product_variant,Sweets & Treats,nutrition,nutrition_macros,,1,30,0.0,,item,Optimize the existing item page and strengthen price/nutrition sections.,https://mcdomenuusa.com/menu/sweets-treats/derpy-mcflurry/
is mcdonalds iced coffee gluten free,coffee-mccafe-iced-coffee-small__nutrition_allergens,McCafe Iced Coffee Small - nutrition allergens,McCafe Coffees,McCafe Iced Coffee Small,product_variant,McCafe Iced Coffee,nutrition,nutrition_allergens,,1,30,0.0,,item,Optimize the existing item page and strengthen price/nutrition sections.,https://mcdomenuusa.com/menu/mccafe-coffees/mccafe-iced-coffee-small/
mcdonald's kids meal calories,happy-happy-meal__nutrition_macros,Happy Meal - nutrition macros,Happy Meal,Happy Meal,product_family,Happy Meal,nutrition,nutrition_macros,,1,30,0.0,,family_section,Expand the parent category guide with a dedicated family section or create a focused family guide.,https://mcdomenuusa.com/happy-meal-menu/
mcdonald's lemonade ingredients,bev-lemonade__nutrition_ingredients,Lemonade - nutrition ingredients,Beverages,Lemonade,product_family,Beverages & Drinks,nutrition,nutrition_ingredients,,1,30,0.0,,family_section,Expand the parent category guide with a dedicated family section or create a focused family guide.,https://mcdomenuusa.com/beverage-menu/
mcdonald's iced caramel coffee caffeine,coffee-mccafe-iced-caramel-coffee__nutrition_caffeine,McCafe Iced Caramel Coffee - nutrition caffeine,McCafe Coffees,McCafe Iced Caramel Coffee,product_family,McCafe Coffees,nutrition,nutrition_caffeine,,1,30,0.0,,family_section,Expand the parent category guide with a dedicated family section or create a focused family guide.,https://mcdomenuusa.com/mccafe-menu/
double quarter pounder ingredients,burgers-double-quarter-pounder-with-cheese__nutrition_ingredients,Double Quarter Pounder with Cheese - nutrition ingredients,Burgers,Double Quarter Pounder with Cheese,product_variant,Burgers Menu,nutrition,nutrition_ingredients,,1,30,0.0,,item,Optimize the existing item page and strengthen price/nutrition sections.,https://mcdomenuusa.com/menu/burgers-menu/double-quarter-pounder-with-cheese/
does mcdonald's lemonade have caffeine,bev-lemonade__nutrition_caffeine,Lemonade - nutrition caffeine,Beverages,Lemonade,product_family,Beverages & Drinks,nutrition,nutrition_caffeine,,1,30,0.0,,family_section,Expand the parent category guide with a dedicated family section or create a focused family guide.,https://mcdomenuusa.com/beverage-menu/
mcdonald's chicken strips price,nuggets-mccrispy-strips__price_value,McCrispy Strips - price value,McNuggets & Strips,McCrispy Strips,product_variant,McNuggets & Strips,commercial,price_value,,1,30,0.0,,item,Optimize the existing item page and strengthen price/nutrition sections.,https://mcdomenuusa.com/menu/mcnuggets-strips/mccrispy-strips/
mcdonald's steak bagel ingredients,bfast-bagel__nutrition_ingredients,Bagel - nutrition ingredients,Breakfast,Bagel,product_variant,Breakfast Menu,nutrition,nutrition_ingredients,,1,30,0.0,,item,Optimize the existing item page and strengthen price/nutrition sections.,https://mcdomenuusa.com/menu/breakfast-menu/bagel/
mcdonald's mcflurry ingredients,sweets-mcflurry__nutrition_ingredients,McFlurry - nutrition ingredients,Sweets & Treats,McFlurry,product_family,Sweets & Treats,nutrition,nutrition_ingredients,,1,30,0.0,,family_section,Expand the parent category guide with a dedicated family section or create a focused family guide.,https://mcdomenuusa.com/sweets-treats/
mcdonald's steak egg and cheese bagel ingredients,bfast-steak-egg-cheese-bagel__nutrition_ingredients,"Steak, Egg & Cheese Bagel - nutrition ingredients",Breakfast,"Steak, Egg & Cheese Bagel",product_variant,Breakfast Menu,nutrition,nutrition_ingredients,,1,30,0.0,,item,Optimize the existing item page and strengthen price/nutrition sections.,https://mcdomenuusa.com/menu/breakfast-menu/steak-egg-cheese-bagel/
sausage egg and cheese mcgriddle meal calories,evm-sausage-egg-cheese-mcgriddles-meal__nutrition_macros,"Sausage, Egg & Cheese McGriddles Meal - nutrition macros",Value & Deals,"Sausage, Egg & Cheese McGriddles Meal",product_variant,Extra Value Meals,nutrition,nutrition_macros,,1,30,0.0,,item,Optimize the existing item page and strengthen price/nutrition sections.,https://mcdomenuusa.com/menu/extra-value-meals/sausage-egg-cheese-mcgriddles-meal/
sausage mcgriddle meal calories,evm-sausage-mcgriddles-meal__nutrition_macros,Sausage McGriddles Meal - nutrition macros,Value & Deals,Sausage McGriddles Meal,product_variant,Extra Value Meals,nutrition,nutrition_macros,,1,30,0.0,,item,Optimize the existing item page and strengthen price/nutrition sections.,https://mcdomenuusa.com/menu/extra-value-meals/sausage-mcgriddles-meal/
are m&m mcflurries gluten free,sweets-mcflurry__nutrition_allergens,McFlurry - nutrition allergens,Sweets & Treats,McFlurry,product_family,Sweets & Treats,nutrition,nutrition_allergens,,1,30,0.0,,family_section,Expand the parent category guide with a dedicated family section or create a focused family guide.,https://mcdomenuusa.com/sweets-treats/
mccrispy meal calories,evm-mccrispy-meal__nutrition_macros,McCrispy Meal - nutrition macros,Value & Deals,McCrispy Meal,product_variant,Extra Value Meals,nutrition,nutrition_macros,,1,30,0.0,,item,Optimize the existing item page and strengthen price/nutrition sections.,https://mcdomenuusa.com/menu/extra-value-meals/mccrispy-meal/
french vanilla latte calories,coffee-mccafe-french-vanilla-latte__nutrition_macros,McCafe French Vanilla Latte - nutrition macros,McCafe Coffees,McCafe French Vanilla Latte,product_family,McCafe Coffees,nutrition,nutrition_macros,,1,30,0.0,,family_section,Expand the parent category guide with a dedicated family section or create a focused family guide.,https://mcdomenuusa.com/mccafe-menu/
us big mac price,burgers-big-mac__geo_price__us,Big Mac - geo price,Burgers,Big Mac,product_variant,Burgers Menu,geo_pricing,geo_price,Us,2,30,0.0,,support,Route this to the geographic pricing hub or create a state/city-specific expansion page.,https://mcdomenuusa.com/mcdonalds-prices-by-state/
mcdonalds biscuit ingredients,breakfast-menu__nutrition_ingredients,Breakfast Menu - nutrition ingredients,Breakfast,Breakfast Menu,menu_guide,,nutrition,nutrition_ingredients,,2,30,0.0,,guide,Optimize the existing guide page and strengthen entity coverage.,https://mcdomenuusa.com/breakfast-menu/
mcdonald's large fries price usa,sides-world-famous-fries-large__geo_price__usa,World Famous Fries Large - geo price,Fries & Sides,World Famous Fries Large,product_variant,World Famous Fries,geo_pricing,geo_price,Usa,2,30,0.0,,support,Route this to the geographic pricing hub or create a state/city-specific expansion page.,https://mcdomenuusa.com/mcdonalds-prices-by-state/
mango pineapple smoothie mcdonald's price,bev-mango-pineapple-smoothie__price_value,Mango Pineapple Smoothie - price value,Beverages,Mango Pineapple Smoothie,product_family,Beverages & Drinks,commercial,price_value,,2,30,0.0,,family_section,Expand the parent category guide with a dedicated family section or create a focused family guide.,https://mcdomenuusa.com/beverage-menu/
4 piece happy meal price,happy-4-pc-mcnuggets-happy-meal__price_value,4 pc McNuggets Happy Meal - price value,Happy Meal,4 pc McNuggets Happy Meal,product_variant,Happy Meal,commercial,price_value,,2,30,0.0,,item,Optimize the existing item page and strengthen price/nutrition sections.,https://mcdomenuusa.com/menu/happy-meal/4-pc-mcnuggets-happy-meal/
calories in mcdonald's mcflurry,sweets-mcflurry__nutrition_macros,McFlurry - nutrition macros,Sweets & Treats,McFlurry,product_family,Sweets & Treats,nutrition,nutrition_macros,,2,30,0.0,,family_section,Expand the parent category guide with a dedicated family section or create a focused family guide.,https://mcdomenuusa.com/sweets-treats/
mcdonald's iced caramel macchiato price,coffee-mccafe-iced-caramel-macchiato__price_value,McCafe Iced Caramel Macchiato - price value,McCafe Coffees,McCafe Iced Caramel Macchiato,product_family,McCafe Coffees,commercial,price_value,,2,30,0.0,,family_section,Expand the parent category guide with a dedicated family section or create a focused family guide.,https://mcdomenuusa.com/mccafe-menu/
mcdonald's strawberry shake price,sweets-strawberry-shake__price_value,Strawberry Shake - price value,Sweets & Treats,Strawberry Shake,product_family,Sweets & Treats,commercial,price_value,,2,30,0.0,,family_section,Expand the parent category guide with a dedicated family section or create a focused family guide.,https://mcdomenuusa.com/sweets-treats/
mcdonald's drinks calories,beverages-drinks__nutrition_macros,Beverages & Drinks - nutrition macros,Beverages,Beverages & Drinks,menu_guide,,nutrition,nutrition_macros,,3,30,0.0,,guide,Optimize the existing guide page and strengthen entity coverage.,https://mcdomenuusa.com/beverage-menu/
mcdonald's blue raspberry slushie nutrition facts,bev-frozen-fanta-blue-raspberry__nutrition_macros,Frozen Fanta Blue Raspberry - nutrition macros,Beverages,Frozen Fanta Blue Raspberry,product_family,Beverages & Drinks,nutrition,nutrition_macros,,1,20,0.0,,family_section,Expand the parent category guide with a dedicated family section or create a focused family guide.,https://mcdomenuusa.com/beverage-menu/
is hi c orange soda or juice,comparison__soft-drink-medium-vs-soft-drink-small,Soft Drink Medium vs Soft Drink Small,Beverages,Soft Drink Medium vs Soft Drink Small,comparison,Soft Drink,comparison,comparison,,1,20,0.0,,comparison,Create a comparison page or dedicated comparison section.,
mocha frappe vs iced mocha,comparison__mccafe-mocha-frappe-medium-vs-mccafe-mocha-frappe-small,McCafe Mocha Frappe Medium vs McCafe Mocha Frappe Small,McCafe Coffees,McCafe Mocha Frappe Medium vs McCafe Mocha Frappe Small,comparison,McCafe Mocha Frappe,comparison,comparison,,1,20,0.0,,comparison,Create a comparison page or dedicated comparison section.,
is mcdonald's mocha frappe gluten free,coffee-mccafe-mocha-frappe-small__nutrition_allergens,McCafe Mocha Frappe Small - nutrition allergens,McCafe Coffees,McCafe Mocha Frappe Small,product_variant,McCafe Mocha Frappe,nutrition,nutrition_allergens,,1,20,0.0,,item,Optimize the existing item page and strengthen price/nutrition sections.,https://mcdomenuusa.com/menu/mccafe-coffees/mccafe-mocha-frappe-small/
texas double whopper price,menu-hub__geo_price__texas,McDonald's Menu - geo price,Brand Core,McDonald's Menu,menu_hub,,geo_pricing,geo_price,Texas,1,20,0.0,,support,Route this to the geographic pricing hub or create a state/city-specific expansion page.,https://mcdomenuusa.com/mcdonalds-prices-by-state/
mcchicken price california,chicken-mcchicken__geo_price__california,McChicken - geo price,Chicken & Fish,McChicken,product_variant,Chicken & Fish Menu,geo_pricing,geo_price,California,1,20,0.0,,support,Route this to the geographic pricing hub or create a state/city-specific expansion page.,https://mcdomenuusa.com/mcdonalds-prices-by-state/
mcdonald's latte menu,coffee-mccafe-latte__overview_menu,McCafe Latte - overview menu,McCafe Coffees,McCafe Latte,product_family,McCafe Coffees,overview,overview_menu,,1,20,0.0,,family_section,Expand the parent category guide with a dedicated family section or create a focused family guide.,https://mcdomenuusa.com/mccafe-menu/
mcdonald's americano caffeine,coffee-americano__nutrition_caffeine,Americano - nutrition caffeine,McCafe Coffees,Americano,product_family,McCafe Coffees,nutrition,nutrition_caffeine,,1,20,0.0,,family_section,Expand the parent category guide with a dedicated family section or create a focused family guide.,https://mcdomenuusa.com/mccafe-menu/
how much sodium is in dasani water,bev-dasani-water__nutrition_macros,DASANI Water - nutrition macros,Beverages,DASANI Water,product_variant,Beverages & Drinks,nutrition,nutrition_macros,,1,20,0.0,,item,Optimize the existing item page and strengthen price/nutrition sections.,https://mcdomenuusa.com/menu/beverages-drinks/dasani-water/
m&m mcflurry gluten free,sweets-m-ms-mcflurry__nutrition_allergens,M&M'S McFlurry - nutrition allergens,Sweets & Treats,M&M'S McFlurry,product_variant,Sweets & Treats,nutrition,nutrition_allergens,,1,20,0.0,,item,Optimize the existing item page and strengthen price/nutrition sections.,https://mcdomenuusa.com/menu/sweets-treats/m-ms-mcflurry/
big mac price texas,burgers-big-mac__geo_price__texas,Big Mac - geo price,Burgers,Big Mac,product_variant,Burgers Menu,geo_pricing,geo_price,Texas,1,20,0.0,,support,Route this to the geographic pricing hub or create a state/city-specific expansion page.,https://mcdomenuusa.com/mcdonalds-prices-by-state/
sausage mcmuffin with egg meal price,evm-sausage-mcmuffin-with-egg-meal__price_value,Sausage McMuffin with Egg Meal - price value,Value & Deals,Sausage McMuffin with Egg Meal,product_variant,Extra Value Meals,commercial,price_value,,1,20,0.0,,item,Optimize the existing item page and strengthen price/nutrition sections.,https://mcdomenuusa.com/menu/extra-value-meals/sausage-mcmuffin-with-egg-meal/
sausage egg and cheese mcgriddle meal,evm-sausage-egg-cheese-mcgriddles-meal__overview_menu,"Sausage, Egg & Cheese McGriddles Meal - overview menu",Value & Deals,"Sausage, Egg & Cheese McGriddles Meal",product_variant,Extra Value Meals,overview,overview_menu,,1,20,0.0,,item,Optimize the existing item page and strengthen price/nutrition sections.,https://mcdomenuusa.com/menu/extra-value-meals/sausage-egg-cheese-mcgriddles-meal/
mcdonald's happy meal apple slices,sides-apple-slices__overview_menu,Apple Slices - overview menu,Fries & Sides,Apple Slices,product_variant,Fries & Sides,overview,overview_menu,,1,20,0.0,,item,Optimize the existing item page and strengthen price/nutrition sections.,https://mcdomenuusa.com/menu/fries-sides/apple-slices/
quarter pounder deluxe discontinued,burgers-quarter-pounder-with-cheese-deluxe__availability_status,Quarter Pounder with Cheese Deluxe - availability status,Burgers,Quarter Pounder with Cheese Deluxe,product_variant,Burgers Menu,timing_availability,availability_status,,1,20,0.0,,item,Optimize the existing item page and strengthen price/nutrition sections.,https://mcdomenuusa.com/menu/burgers-menu/quarter-pounder-with-cheese-deluxe/
mcdonald's sausage biscuit ingredients,bfast-sausage-biscuit__nutrition_ingredients,Sausage Biscuit - nutrition ingredients,Breakfast,Sausage Biscuit,product_variant,Breakfast Menu,nutrition,nutrition_ingredients,,1,20,0.0,,item,Optimize the existing item page and strengthen price/nutrition sections.,https://mcdomenuusa.com/menu/breakfast-menu/sausage-biscuit/
bacon egg & cheese mcgriddles,bfast-bacon-egg-cheese-mcgriddles__overview_general,"Bacon, Egg & Cheese McGriddles - overview general",Breakfast,"Bacon, Egg & Cheese McGriddles",product_variant,Breakfast Menu,overview,overview_general,,1,20,0.0,,item,Optimize the existing item page and strengthen price/nutrition sections.,https://mcdomenuusa.com/menu/breakfast-menu/bacon-egg-cheese-mcgriddles/
mcdonald's iced latte price,coffee-mccafe-iced-latte__price_value,McCafe Iced Latte - price value,McCafe Coffees,McCafe Iced Latte,product_family,McCafe Coffees,commercial,price_value,,1,20,0.0,,family_section,Expand the parent category guide with a dedicated family section or create a focused family guide.,https://mcdomenuusa.com/mccafe-menu/
mcdonald's cappuccino calories,coffee-mccafe-cappuccino__nutrition_macros,McCafe Cappuccino - nutrition macros,McCafe Coffees,McCafe Cappuccino,product_family,McCafe Coffees,nutrition,nutrition_macros,,1,20,0.0,,family_section,Expand the parent category guide with a dedicated family section or create a focused family guide.,https://mcdomenuusa.com/mccafe-menu/
mcdonald's app rewards,app-deals__service_app,McDonald's App Deals - service app,Customer Journey,McDonald's App Deals,service_page,,service_task,service_app,,1,20,0.0,,support,Optimize the existing support page.,https://mcdomenuusa.com/mcdonalds-app-deals/
mcdonald's fries menu,fries-sides__overview_menu,Fries & Sides - overview menu,Fries & Sides,Fries & Sides,menu_guide,,overview,overview_menu,,1,20,0.0,,guide,Optimize the existing guide page and strengthen entity coverage.,https://mcdomenuusa.com/fries-sides/
mcdonalds fries allergens,fries-sides__nutrition_allergens,Fries & Sides - nutrition allergens,Fries & Sides,Fries & Sides,menu_guide,,nutrition,nutrition_allergens,,1,20,0.0,,guide,Optimize the existing guide page and strengthen entity coverage.,https://mcdomenuusa.com/fries-sides/
is mcdonalds bbq sauce gluten free,sauce-tangy-barbecue-sauce__nutrition_allergens,Tangy Barbecue Sauce - nutrition allergens,Sauces & Condiments,Tangy Barbecue Sauce,product_variant,Sauces & Condiments,nutrition,nutrition_allergens,,1,20,0.0,,item,Optimize the existing item page and strengthen price/nutrition sections.,https://mcdomenuusa.com/menu/sauces-condiments/tangy-barbecue-sauce/
spicy mccrispy ingredients,chicken-spicy-mccrispy__nutrition_ingredients,Spicy McCrispy - nutrition ingredients,Chicken & Fish,Spicy McCrispy,product_variant,Chicken & Fish Menu,nutrition,nutrition_ingredients,,1,20,0.0,,item,Optimize the existing item page and strengthen price/nutrition sections.,https://mcdomenuusa.com/menu/chicken-fish/spicy-mccrispy/
mcdonald's cappuccino price,coffee-mccafe-cappuccino__price_value,McCafe Cappuccino - price value,McCafe Coffees,McCafe Cappuccino,product_family,McCafe Coffees,commercial,price_value,,1,20,0.0,,family_section,Expand the parent category guide with a dedicated family section or create a focused family guide.,https://mcdomenuusa.com/mccafe-menu/
are mcdonalds frappes gluten free,coffee-frappe__nutrition_allergens,Frappe - nutrition allergens,McCafe Coffees,Frappe,product_family,McCafe Coffees,nutrition,nutrition_allergens,,2,20,0.0,,family_section,Expand the parent category guide with a dedicated family section or create a focused family guide.,https://mcdomenuusa.com/mccafe-menu/
mcdonaldsbreakfast menu,breakfast-hours__overview_menu,Breakfast Hours - overview menu,Breakfast,Breakfast Hours,support_page,,overview,overview_menu,,2,20,0.0,,support,Optimize the existing guide page and strengthen entity coverage.,https://mcdomenuusa.com/breakfast-hours/
what is in mcdonald's big breakfast,bfast-big-breakfast__nutrition_ingredients,Big Breakfast - nutrition ingredients,Breakfast,Big Breakfast,product_variant,Breakfast Menu,nutrition,nutrition_ingredients,,2,20,0.0,,item,Optimize the existing item page and strengthen price/nutrition sections.,https://mcdomenuusa.com/menu/breakfast-menu/big-breakfast/
how much is a big mac in ohio,burgers-big-mac__geo_price__ohio,Big Mac - geo price,Burgers,Big Mac,product_variant,Burgers Menu,geo_pricing,geo_price,Ohio,2,20,0.0,,support,Route this to the geographic pricing hub or create a state/city-specific expansion page.,https://mcdomenuusa.com/mcdonalds-prices-by-state/
big mac meal price new york,evm-big-mac-meal__geo_price__new-york,Big Mac Meal - geo price,Value & Deals,Big Mac Meal,product_variant,Extra Value Meals,geo_pricing,geo_price,New York,2,20,0.0,,support,Route this to the geographic pricing hub or create a state/city-specific expansion page.,https://mcdomenuusa.com/mcdonalds-prices-by-state/
mcflurry price california,sweets-oreo-mcflurry__geo_price__california,OREO McFlurry - geo price,Sweets & Treats,OREO McFlurry,product_variant,Sweets & Treats,geo_pricing,geo_price,California,1,10,0.0,,support,Route this to the geographic pricing hub or create a state/city-specific expansion page.,https://mcdomenuusa.com/mcdonalds-prices-by-state/
mymcdonaldsrewards,rewards-guide__overview_general,Rewards Guide - overview general,Customer Journey,Rewards Guide,service_page,,overview,overview_general,,1,10,0.0,,support,Optimize the existing support page.,https://mcdomenuusa.com/rewards-guide/
mcdonald's hash brown allergens,bfast-hash-browns__nutrition_allergens,Hash Browns - nutrition allergens,Breakfast,Hash Browns,product_variant,Breakfast Menu,nutrition,nutrition_allergens,,1,10,0.0,,item,Optimize the existing item page and strengthen price/nutrition sections.,https://mcdomenuusa.com/menu/breakfast-menu/hash-browns/
mcdonalds coffee gluten free,coffee-premium-roast-coffee__nutrition_allergens,Premium Roast Coffee - nutrition allergens,McCafe Coffees,Premium Roast Coffee,product_variant,McCafe Coffees,nutrition,nutrition_allergens,,1,10,0.0,,item,Optimize the existing item page and strengthen price/nutrition sections.,https://mcdomenuusa.com/menu/mccafe-coffees/premium-roast-coffee/
mcrib meal,limited-time-mcrib__overview_menu,McRib - overview menu,Limited Time,McRib,product_family,Limited Time Menu,overview,overview_menu,,1,10,0.0,,family_section,Expand the parent category guide with a dedicated family section or create a focused family guide.,https://mcdomenuusa.com/limited-time-menu/
how much is a big mac meal in florida,evm-big-mac-meal__geo_price__florida,Big Mac Meal - geo price,Value & Deals,Big Mac Meal,product_variant,Extra Value Meals,geo_pricing,geo_price,Florida,1,10,0.0,,support,Route this to the geographic pricing hub or create a state/city-specific expansion page.,https://mcdomenuusa.com/mcdonalds-prices-by-state/
mcdonald's double cheeseburger price usa,burgers-double-cheeseburger__geo_price__usa,Double Cheeseburger - geo price,Burgers,Double Cheeseburger,product_variant,Burgers Menu,geo_pricing,geo_price,Usa,1,10,0.0,,support,Route this to the geographic pricing hub or create a state/city-specific expansion page.,https://mcdomenuusa.com/mcdonalds-prices-by-state/
mcdonald's soft drink,bev-soft-drink__overview_general,Soft Drink - overview general,Beverages,Soft Drink,product_family,Beverages & Drinks,overview,overview_general,,1,10,0.0,,family_section,Expand the parent category guide with a dedicated family section or create a focused family guide.,https://mcdomenuusa.com/beverage-menu/
mcdouble price california,burgers-mcdouble__geo_price__california,McDouble - geo price,Burgers,McDouble,product_variant,Burgers Menu,geo_pricing,geo_price,California,1,10,0.0,,support,Route this to the geographic pricing hub or create a state/city-specific expansion page.,https://mcdomenuusa.com/mcdonalds-prices-by-state/
big mac prices by state,prices-by-state__price_value,Prices by State - price value,Geographic Pricing,Prices by State,support_page,,commercial,price_value,,1,10,0.0,,support,Optimize the existing guide page and strengthen entity coverage.,https://mcdomenuusa.com/mcdonalds-prices-by-state/
sausage egg and cheese bagel mcdonald's price,bfast-sausage-egg-cheese-bagel__price_value,"Sausage, Egg & Cheese Bagel - price value",Breakfast,"Sausage, Egg & Cheese Bagel",product_variant,Breakfast Menu,commercial,price_value,,1,10,0.0,,item,Optimize the existing item page and strengthen price/nutrition sections.,https://mcdomenuusa.com/menu/breakfast-menu/sausage-egg-cheese-bagel/
mcdonald's cappuccino caffeine,coffee-mccafe-cappuccino__nutrition_caffeine,McCafe Cappuccino - nutrition caffeine,McCafe Coffees,McCafe Cappuccino,product_family,McCafe Coffees,nutrition,nutrition_caffeine,,1,10,0.0,,family_section,Expand the parent category guide with a dedicated family section or create a focused family guide.,https://mcdomenuusa.com/mccafe-menu/
mcdonald's coffee ingredients,coffee-premium-roast-coffee__nutrition_ingredients,Premium Roast Coffee - nutrition ingredients,McCafe Coffees,Premium Roast Coffee,product_variant,McCafe Coffees,nutrition,nutrition_ingredients,,1,10,0.0,,item,Optimize the existing item page and strengthen price/nutrition sections.,https://mcdomenuusa.com/menu/mccafe-coffees/premium-roast-coffee/
mcdonald's washington menu,menu-hub__overview_menu__washington,McDonald's Menu - overview menu,Brand Core,McDonald's Menu,menu_hub,,overview,overview_menu,Washington,1,10,0.0,,hub,Optimize the existing guide page and strengthen entity coverage.,https://mcdomenuusa.com/menu/
bacon egg and cheese mcgriddle meal calories,evm-bacon-egg-cheese-mcgriddles-meal__nutrition_macros,"Bacon, Egg & Cheese McGriddles Meal - nutrition macros",Value & Deals,"Bacon, Egg & Cheese McGriddles Meal",product_variant,Extra Value Meals,nutrition,nutrition_macros,,1,10,0.0,,item,Optimize the existing item page and strengthen price/nutrition sections.,https://mcdomenuusa.com/menu/extra-value-meals/bacon-egg-cheese-mcgriddles-meal/
happy meal price texas,happy-meal__geo_price__texas,Happy Meal - geo price,Happy Meal,Happy Meal,menu_guide,,geo_pricing,geo_price,Texas,1,10,0.0,,support,Route this to the geographic pricing hub or create a state/city-specific expansion page.,https://mcdomenuusa.com/mcdonalds-prices-by-state/
mcchicken price texas,chicken-mcchicken__geo_price__texas,McChicken - geo price,Chicken & Fish,McChicken,product_variant,Chicken & Fish Menu,geo_pricing,geo_price,Texas,1,10,0.0,,support,Route this to the geographic pricing hub or create a state/city-specific expansion page.,https://mcdomenuusa.com/mcdonalds-prices-by-state/
mcmuffin meal,breakfast-mcmuffin__overview_menu,McMuffin - overview menu,Breakfast,McMuffin,product_family,Breakfast Menu,overview,overview_menu,,1,10,0.0,,family_section,Expand the parent category guide with a dedicated family section or create a focused family guide.,https://mcdomenuusa.com/breakfast-menu/
mcdonald's mcmuffin ingredients,breakfast-mcmuffin__nutrition_ingredients,McMuffin - nutrition ingredients,Breakfast,McMuffin,product_family,Breakfast Menu,nutrition,nutrition_ingredients,,1,10,0.0,,family_section,Expand the parent category guide with a dedicated family section or create a focused family guide.,https://mcdomenuusa.com/breakfast-menu/
is hi c vegan,bev-soft-drink-small__nutrition_allergens,Soft Drink Small - nutrition allergens,Beverages,Soft Drink Small,product_variant,Soft Drink,nutrition,nutrition_allergens,,1,10,0.0,,item,Optimize the existing item page and strengthen price/nutrition sections.,https://mcdomenuusa.com/menu/beverages-drinks/soft-drink-small/
6 piece happy meal,happy-6-pc-mcnuggets-happy-meal__overview_menu,6 pc McNuggets Happy Meal - overview menu,Happy Meal,6 pc McNuggets Happy Meal,product_variant,Happy Meal,overview,overview_menu,,1,10,0.0,,item,Optimize the existing item page and strengthen price/nutrition sections.,https://mcdomenuusa.com/menu/happy-meal/6-pc-mcnuggets-happy-meal/
how much is a mcchicken in florida,chicken-mcchicken__geo_price__florida,McChicken - geo price,Chicken & Fish,McChicken,product_variant,Chicken & Fish Menu,geo_pricing,geo_price,Florida,1,10,0.0,,support,Route this to the geographic pricing hub or create a state/city-specific expansion page.,https://mcdomenuusa.com/mcdonalds-prices-by-state/
mcdonald's menu apple pie,sweets-baked-apple-pie__overview_menu,Baked Apple Pie - overview menu,Sweets & Treats,Baked Apple Pie,product_variant,Sweets & Treats,overview,overview_menu,,1,10,0.0,,item,Optimize the existing item page and strengthen price/nutrition sections.,https://mcdomenuusa.com/menu/sweets-treats/baked-apple-pie/
mcdonald's hash brown ingredients usa,bfast-hash-browns__nutrition_ingredients__usa,Hash Browns - nutrition ingredients,Breakfast,Hash Browns,product_variant,Breakfast Menu,nutrition,nutrition_ingredients,Usa,1,10,0.0,,item,Optimize the existing item page and strengthen price/nutrition sections.,https://mcdomenuusa.com/menu/breakfast-menu/hash-browns/
mcflurry allergens,sweets-oreo-mcflurry__nutrition_allergens,OREO McFlurry - nutrition allergens,Sweets & Treats,OREO McFlurry,product_variant,Sweets & Treats,nutrition,nutrition_allergens,,1,10,0.0,,item,Optimize the existing item page and strengthen price/nutrition sections.,https://mcdomenuusa.com/menu/sweets-treats/oreo-mcflurry/
mcdouble or double cheeseburger,comparison__cheeseburger-vs-double-cheeseburger,Cheeseburger vs Double Cheeseburger,Burgers,Cheeseburger vs Double Cheeseburger,comparison,Burgers Menu,comparison,comparison,,1,10,0.0,,comparison,Create a comparison page or dedicated comparison section.,
mcdonald's latte calories,coffee-mccafe-latte__nutrition_macros,McCafe Latte - nutrition macros,McCafe Coffees,McCafe Latte,product_family,McCafe Coffees,nutrition,nutrition_macros,,1,10,0.0,,family_section,Expand the parent category guide with a dedicated family section or create a focused family guide.,https://mcdomenuusa.com/mccafe-menu/
egg mcmuffin all day,bfast-egg-mcmuffin__timing_hours,Egg McMuffin - timing hours,Breakfast,Egg McMuffin,product_variant,Breakfast Menu,timing_availability,timing_hours,,1,10,0.0,,item,Optimize the existing item page and strengthen price/nutrition sections.,https://mcdomenuusa.com/menu/breakfast-menu/egg-mcmuffin/
mcdonald's bacon egg and cheese biscuit meal calories,evm-bacon-egg-cheese-biscuit-meal__nutrition_macros,"Bacon, Egg & Cheese Biscuit Meal - nutrition macros",Value & Deals,"Bacon, Egg & Cheese Biscuit Meal",product_variant,Extra Value Meals,nutrition,nutrition_macros,,1,10,0.0,,item,Optimize the existing item page and strengthen price/nutrition sections.,https://mcdomenuusa.com/menu/extra-value-meals/bacon-egg-cheese-biscuit-meal/
how much is a big mac in florida,burgers-big-mac__geo_price__florida,Big Mac - geo price,Burgers,Big Mac,product_variant,Burgers Menu,geo_pricing,geo_price,Florida,1,10,0.0,,support,Route this to the geographic pricing hub or create a state/city-specific expansion page.,https://mcdomenuusa.com/mcdonalds-prices-by-state/
mcdonald's breakfast sausage biscuit,bfast-sausage-biscuit__overview_menu,Sausage Biscuit - overview menu,Breakfast,Sausage Biscuit,product_variant,Breakfast Menu,overview,overview_menu,,1,10,0.0,,item,Optimize the existing item page and strengthen price/nutrition sections.,https://mcdomenuusa.com/menu/breakfast-menu/sausage-biscuit/
how much is a big mac in michigan,burgers-big-mac__geo_price__michigan,Big Mac - geo price,Burgers,Big Mac,product_variant,Burgers Menu,geo_pricing,geo_price,Michigan,1,10,0.0,,support,Route this to the geographic pricing hub or create a state/city-specific expansion page.,https://mcdomenuusa.com/mcdonalds-prices-by-state/
how much is a happy meal in florida,happy-meal__geo_price__florida,Happy Meal - geo price,Happy Meal,Happy Meal,menu_guide,,geo_pricing,geo_price,Florida,1,10,0.0,,support,Route this to the geographic pricing hub or create a state/city-specific expansion page.,https://mcdomenuusa.com/mcdonalds-prices-by-state/
mcdonald's latte ingredients,coffee-mccafe-latte__nutrition_ingredients,McCafe Latte - nutrition ingredients,McCafe Coffees,McCafe Latte,product_family,McCafe Coffees,nutrition,nutrition_ingredients,,1,10,0.0,,family_section,Expand the parent category guide with a dedicated family section or create a focused family guide.,https://mcdomenuusa.com/mccafe-menu/
